dataset,organisation,organisation_name,quality,total_entity_count
agricultural-land-classification,government-organisation:PB202,Natural England,authoritative,585
air-quality-management-area,government-organisation:D7,"Department for Environment, Food & Rural Affairs",authoritative,498
ancient-woodland,government-organisation:PB202,Natural England,authoritative,44373
ancient-woodland-status,government-organisation:PB202,Natural England,authoritative,2
archaeological-priority-area,government-organisation:PB1164,Historic England,authoritative,796
article-4-direction,local-authority:ADU,Adur District Council,authoritative,9
article-4-direction,local-authority:ASF,Ashford Borough Council,authoritative,75
article-4-direction,local-authority:BDG,London Borough of Barking and Dagenham,authoritative,3
article-4-direction,local-authority:BEN,London Borough of Brent,authoritative,39
article-4-direction,local-authority:BIR,Birmingham City Council,authoritative,12
article-4-direction,local-authority:BNE,London Borough of Barnet,authoritative,15
article-4-direction,local-authority:BRO,Broadland District Council,authoritative,28
article-4-direction,local-authority:BRY,London Borough of Bromley,authoritative,108
article-4-direction,local-authority:BST,Bristol City Council,authoritative,16
article-4-direction,local-authority:BUN,Burnley Borough Council,authoritative,4
article-4-direction,local-authority:CAB,Cambridge City Council,authoritative,19
article-4-direction,local-authority:CAS,Castle Point Borough Council,authoritative,4
article-4-direction,local-authority:CBF,Central Bedfordshire Council,authoritative,7
article-4-direction,local-authority:CHL,Chelmsford City Council,authoritative,27
article-4-direction,local-authority:CLD,Calderdale Metropolitan Borough Council,authoritative,1
article-4-direction,local-authority:CMD,London Borough of Camden,authoritative,21
article-4-direction,local-authority:COL,Colchester City Council,authoritative,10
article-4-direction,local-authority:COT,Cotswold District Council,authoritative,22
article-4-direction,local-authority:COV,Coventry City Council,authoritative,14
article-4-direction,local-authority:CRW,Crawley Borough Council,authoritative,19
article-4-direction,local-authority:DAR,Dartford Borough Council,authoritative,6
article-4-direction,local-authority:DOV,Dover District Council,authoritative,55
article-4-direction,local-authority:DST,Dorset Council,authoritative,78
article-4-direction,local-authority:ECA,East Cambridgeshire District Council,authoritative,3
article-4-direction,local-authority:EHA,East Hampshire District Council,authoritative,51
article-4-direction,local-authority:EPS,Epsom and Ewell Borough Council,authoritative,1
article-4-direction,local-authority:ERY,East Riding of Yorkshire Council,authoritative,11
article-4-direction,local-authority:EXE,Exeter City Council,authoritative,1
article-4-direction,local-authority:FEN,Fenland District Council,authoritative,5
article-4-direction,local-authority:GAT,Gateshead Metropolitan Borough Council,authoritative,5
article-4-direction,local-authority:HAA,Havant Borough Council,authoritative,6
article-4-direction,local-authority:HAL,Halton Borough Council,authoritative,1
article-4-direction,local-authority:HAR,Harlow District Council,authoritative,14
article-4-direction,local-authority:HAT,Hart District Council,authoritative,47
article-4-direction,local-authority:HIL,London Borough of Hillingdon,authoritative,150
article-4-direction,local-authority:HNS,London Borough of Hounslow,authoritative,3
article-4-direction,local-authority:HRY,London Borough of Haringey,authoritative,25
article-4-direction,local-authority:HUN,Huntingdonshire District Council,authoritative,6
article-4-direction,local-authority:IOS,Council of the Isles of Scilly,authoritative,4
article-4-direction,local-authority:IPS,Ipswich Borough Council,authoritative,7
article-4-direction,local-authority:KEC,Royal Borough of Kensington and Chelsea,authoritative,84
article-4-direction,local-authority:KTT,Royal Borough of Kingston upon Thames,authoritative,3
article-4-direction,local-authority:KWL,Knowsley Metropolitan Borough Council,authoritative,3
article-4-direction,local-authority:LBH,London Borough of Lambeth,authoritative,12
article-4-direction,local-authority:LCE,Leicester City Council,authoritative,231
article-4-direction,local-authority:LDS,Leeds City Council,authoritative,1
article-4-direction,local-authority:LEW,London Borough of Lewisham,authoritative,57
article-4-direction,local-authority:LND,City of London Corporation,authoritative,1
article-4-direction,local-authority:MAI,Maidstone Borough Council,authoritative,85
article-4-direction,local-authority:MIK,Milton Keynes City Council,authoritative,17
article-4-direction,local-authority:NBL,Northumberland County Council,authoritative,6
article-4-direction,local-authority:NET,Newcastle City Council,authoritative,8
article-4-direction,local-authority:NEW,New Forest District Council,authoritative,10
article-4-direction,local-authority:NLN,North Lincolnshire Council,authoritative,12
article-4-direction,local-authority:NNO,North Norfolk District Council,authoritative,42
article-4-direction,local-authority:NSM,North Somerset Council,authoritative,38
article-4-direction,local-authority:NTY,North Tyneside Council,authoritative,7
article-4-direction,local-authority:NWA,North Warwickshire Borough Council,authoritative,10
article-4-direction,local-authority:OXO,Oxford City Council,authoritative,4
article-4-direction,local-authority:PLY,Plymouth City Council,authoritative,1
article-4-direction,local-authority:PTE,Peterborough City Council,authoritative,108
article-4-direction,local-authority:RCH,Rochdale Metropolitan Borough Council,authoritative,6
article-4-direction,local-authority:ROH,Rother District Council,authoritative,61
article-4-direction,local-authority:ROS,Rossendale Borough Council,authoritative,8
article-4-direction,local-authority:SAL,St Albans City and District Council,authoritative,30
article-4-direction,local-authority:SAW,Sandwell Metropolitan Borough Council,authoritative,3
article-4-direction,local-authority:SCA,South Cambridgeshire District Council,authoritative,9
article-4-direction,local-authority:SFT,Sefton Metropolitan Borough Council,authoritative,6
article-4-direction,local-authority:SGC,South Gloucestershire Council,authoritative,2
article-4-direction,local-authority:SKP,Stockport Metropolitan Borough Council,authoritative,60
article-4-direction,local-authority:SLF,Salford City Council,authoritative,3
article-4-direction,local-authority:SNO,South Norfolk District Council,authoritative,55
article-4-direction,local-authority:SST,South Staffordshire Council,authoritative,16
article-4-direction,local-authority:STA,Stafford Borough Council,authoritative,3
article-4-direction,local-authority:STE,Stoke-on-Trent City Council,authoritative,27
article-4-direction,local-authority:SWK,London Borough of Southwark,authoritative,480
article-4-direction,local-authority:SWL,Swale Borough Council,authoritative,22
article-4-direction,local-authority:TAN,Tandridge District Council,authoritative,45
article-4-direction,local-authority:TEN,Tendring District Council,authoritative,14
article-4-direction,local-authority:TOB,Torbay Council,authoritative,2
article-4-direction,local-authority:TWH,London Borough of Tower Hamlets,authoritative,64
article-4-direction,local-authority:UTT,Uttlesford District Council,authoritative,18
article-4-direction,local-authority:WAE,Waverley Borough Council,authoritative,29
article-4-direction,local-authority:WEA,Wealden District Council,authoritative,87
article-4-direction,local-authority:WFT,London Borough of Waltham Forest,authoritative,15
article-4-direction,local-authority:WIL,Wiltshire Council,authoritative,48
article-4-direction,local-authority:WOT,Worthing Borough Council,authoritative,8
article-4-direction,local-authority:WOX,West Oxfordshire District Council,authoritative,84
article-4-direction,local-authority:WRL,Wirral Borough Council,authoritative,13
article-4-direction,local-authority:WSM,City of Westminster,authoritative,10
article-4-direction,local-authority:YOR,City of York Council,authoritative,4
article-4-direction,national-park-authority:Q27159704,Lake District National Park Authority,authoritative,30
article-4-direction,national-park-authority:Q72617158,New Forest National Park Authority,authoritative,26
article-4-direction-area,local-authority:ADU,Adur District Council,authoritative,9
article-4-direction-area,local-authority:ASF,Ashford Borough Council,authoritative,75
article-4-direction-area,local-authority:BDG,London Borough of Barking and Dagenham,authoritative,3
article-4-direction-area,local-authority:BEN,London Borough of Brent,authoritative,162
article-4-direction-area,local-authority:BIR,Birmingham City Council,authoritative,13
article-4-direction-area,local-authority:BNE,London Borough of Barnet,authoritative,48
article-4-direction-area,local-authority:BPL,Blackpool Borough Council,authoritative,6
article-4-direction-area,local-authority:BRO,Broadland District Council,authoritative,28
article-4-direction-area,local-authority:BST,Bristol City Council,authoritative,16
article-4-direction-area,local-authority:BUC,Buckinghamshire Council,authoritative,389
article-4-direction-area,local-authority:BUN,Burnley Borough Council,authoritative,12
article-4-direction-area,local-authority:BUR,Bury Metropolitan Borough Council,authoritative,2
article-4-direction-area,local-authority:CAB,Cambridge City Council,authoritative,19
article-4-direction-area,local-authority:CAS,Castle Point Borough Council,authoritative,4
article-4-direction-area,local-authority:CAT,Canterbury City Council,authoritative,463
article-4-direction-area,local-authority:CBF,Central Bedfordshire Council,authoritative,7
article-4-direction-area,local-authority:CHT,Cheltenham Borough Council,authoritative,1
article-4-direction-area,local-authority:CLD,Calderdale Metropolitan Borough Council,authoritative,8
article-4-direction-area,local-authority:CMD,London Borough of Camden,authoritative,20
article-4-direction-area,local-authority:COT,Cotswold District Council,authoritative,22
article-4-direction-area,local-authority:COV,Coventry City Council,authoritative,14
article-4-direction-area,local-authority:DAR,Dartford Borough Council,authoritative,6
article-4-direction-area,local-authority:DNC,Doncaster Metropolitan Borough Council,authoritative,3
article-4-direction-area,local-authority:DOV,Dover District Council,authoritative,55
article-4-direction-area,local-authority:DST,Dorset Council,authoritative,78
article-4-direction-area,local-authority:ECA,East Cambridgeshire District Council,authoritative,292
article-4-direction-area,local-authority:EHA,East Hampshire District Council,authoritative,50
article-4-direction-area,local-authority:ENF,London Borough of Enfield,authoritative,33
article-4-direction-area,local-authority:EPS,Epsom and Ewell Borough Council,authoritative,30
article-4-direction-area,local-authority:ERY,East Riding of Yorkshire Council,authoritative,11
article-4-direction-area,local-authority:EXE,Exeter City Council,authoritative,16
article-4-direction-area,local-authority:FAR,Fareham Borough Council,authoritative,19
article-4-direction-area,local-authority:FEN,Fenland District Council,authoritative,3
article-4-direction-area,local-authority:FOE,Forest of Dean District Council,authoritative,2
article-4-direction-area,local-authority:GAT,Gateshead Metropolitan Borough Council,authoritative,5
article-4-direction-area,local-authority:GLO,Gloucester City Council,authoritative,55
article-4-direction-area,local-authority:GRY,Great Yarmouth Borough Council,authoritative,18
article-4-direction-area,local-authority:HAA,Havant Borough Council,authoritative,6
article-4-direction-area,local-authority:HAL,Halton Borough Council,authoritative,2
article-4-direction-area,local-authority:HAR,Harlow District Council,authoritative,14
article-4-direction-area,local-authority:HAT,Hart District Council,authoritative,47
article-4-direction-area,local-authority:HIL,London Borough of Hillingdon,authoritative,150
article-4-direction-area,local-authority:HOR,Horsham District Council,authoritative,53
article-4-direction-area,local-authority:HRY,London Borough of Haringey,authoritative,25
article-4-direction-area,local-authority:HUN,Huntingdonshire District Council,authoritative,6
article-4-direction-area,local-authority:IOS,Council of the Isles of Scilly,authoritative,4
article-4-direction-area,local-authority:IPS,Ipswich Borough Council,authoritative,7
article-4-direction-area,local-authority:KEC,Royal Borough of Kensington and Chelsea,authoritative,84
article-4-direction-area,local-authority:KIN,Borough Council of King's Lynn and West Norfolk,authoritative,12
article-4-direction-area,local-authority:LBH,London Borough of Lambeth,authoritative,223
article-4-direction-area,local-authority:LCE,Leicester City Council,authoritative,373
article-4-direction-area,local-authority:LDS,Leeds City Council,authoritative,1
article-4-direction-area,local-authority:LEW,London Borough of Lewisham,authoritative,89
article-4-direction-area,local-authority:LIV,Liverpool City Council,authoritative,1421
article-4-direction-area,local-authority:MAI,Maidstone Borough Council,authoritative,85
article-4-direction-area,local-authority:MDW,Medway Council,authoritative,47
article-4-direction-area,local-authority:MIK,Milton Keynes City Council,authoritative,16
article-4-direction-area,local-authority:NBL,Northumberland County Council,authoritative,13
article-4-direction-area,local-authority:NET,Newcastle City Council,authoritative,13
article-4-direction-area,local-authority:NEW,New Forest District Council,authoritative,9
article-4-direction-area,local-authority:NLN,North Lincolnshire Council,authoritative,12
article-4-direction-area,local-authority:NNO,North Norfolk District Council,authoritative,42
article-4-direction-area,local-authority:NSM,North Somerset Council,authoritative,38
article-4-direction-area,local-authority:NTY,North Tyneside Council,authoritative,20
article-4-direction-area,local-authority:NWA,North Warwickshire Borough Council,authoritative,10
article-4-direction-area,local-authority:OXO,Oxford City Council,authoritative,4
article-4-direction-area,local-authority:PLY,Plymouth City Council,authoritative,1
article-4-direction-area,local-authority:PTE,Peterborough City Council,authoritative,108
article-4-direction-area,local-authority:RCH,Rochdale Metropolitan Borough Council,authoritative,6
article-4-direction-area,local-authority:ROH,Rother District Council,authoritative,61
article-4-direction-area,local-authority:ROS,Rossendale Borough Council,authoritative,7
article-4-direction-area,local-authority:SAL,St Albans City and District Council,authoritative,34
article-4-direction-area,local-authority:SAW,Sandwell Metropolitan Borough Council,authoritative,12
article-4-direction-area,local-authority:SCA,South Cambridgeshire District Council,authoritative,9
article-4-direction-area,local-authority:SFT,Sefton Metropolitan Borough Council,authoritative,6
article-4-direction-area,local-authority:SGC,South Gloucestershire Council,authoritative,2
article-4-direction-area,local-authority:SKP,Stockport Metropolitan Borough Council,authoritative,30
article-4-direction-area,local-authority:SLF,Salford City Council,authoritative,3
article-4-direction-area,local-authority:SNO,South Norfolk District Council,authoritative,55
article-4-direction-area,local-authority:SPE,Spelthorne Borough Council,authoritative,4
article-4-direction-area,local-authority:SST,South Staffordshire Council,authoritative,15
article-4-direction-area,local-authority:STA,Stafford Borough Council,authoritative,3
article-4-direction-area,local-authority:STE,Stoke-on-Trent City Council,authoritative,27
article-4-direction-area,local-authority:SWK,London Borough of Southwark,authoritative,480
article-4-direction-area,local-authority:SWL,Swale Borough Council,authoritative,22
article-4-direction-area,local-authority:TAN,Tandridge District Council,authoritative,50
article-4-direction-area,local-authority:TEW,Tewkesbury Borough Council,authoritative,11
article-4-direction-area,local-authority:TOB,Torbay Council,authoritative,2
article-4-direction-area,local-authority:TWH,London Borough of Tower Hamlets,authoritative,63
article-4-direction-area,local-authority:UTT,Uttlesford District Council,authoritative,18
article-4-direction-area,local-authority:WAE,Waverley Borough Council,authoritative,29
article-4-direction-area,local-authority:WBK,West Berkshire Council,authoritative,9
article-4-direction-area,local-authority:WFT,London Borough of Waltham Forest,authoritative,807
article-4-direction-area,local-authority:WIL,Wiltshire Council,authoritative,48
article-4-direction-area,local-authority:WOT,Worthing Borough Council,authoritative,8
article-4-direction-area,local-authority:WOX,West Oxfordshire District Council,authoritative,84
article-4-direction-area,local-authority:WRL,Wirral Borough Council,authoritative,13
article-4-direction-area,local-authority:WSM,City of Westminster,authoritative,10
article-4-direction-area,local-authority:YOR,City of York Council,authoritative,4
article-4-direction-area,national-park-authority:Q27159704,Lake District National Park Authority,authoritative,30
article-4-direction-area,national-park-authority:Q72617158,New Forest National Park Authority,authoritative,26
asset-of-community-value,local-authority:CMD,London Borough of Camden,authoritative,101
battlefield,government-organisation:D1342,"Ministry of Housing, Communities & Local Government",authoritative,47
battlefield,government-organisation:PB1164,Historic England,authoritative,47
brownfield-land,development-corporation:Q20648596,Old Oak and Park Royal Development Corporation,authoritative,79
brownfield-land,development-corporation:Q6670544,London Legacy Development Corporation,authoritative,3
brownfield-land,local-authority:ADU,Adur District Council,authoritative,46
brownfield-land,local-authority:AMB,Amber Valley Borough Council,authoritative,67
brownfield-land,local-authority:ARU,Arun District Council,authoritative,46
brownfield-land,local-authority:ASF,Ashford Borough Council,authoritative,28
brownfield-land,local-authority:ASH,Ashfield District Council,authoritative,39
brownfield-land,local-authority:BAB,Babergh District Council,authoritative,20
brownfield-land,local-authority:BAE,Bassetlaw District Council,authoritative,62
brownfield-land,local-authority:BAI,Basildon Borough Council,authoritative,145
brownfield-land,local-authority:BAN,Basingstoke and Deane Borough Council,authoritative,116
brownfield-land,local-authority:BAS,Bath and North East Somerset Council,authoritative,114
brownfield-land,local-authority:BBD,Blackburn with Darwen Borough Council,authoritative,32
brownfield-land,local-authority:BDF,Bedford Borough Council,authoritative,169
brownfield-land,local-authority:BDG,London Borough of Barking and Dagenham,authoritative,126
brownfield-land,local-authority:BEN,London Borough of Brent,authoritative,287
brownfield-land,local-authority:BEX,London Borough of Bexley,authoritative,173
brownfield-land,local-authority:BIR,Birmingham City Council,authoritative,1731
brownfield-land,local-authority:BLA,Blaby District Council,authoritative,29
brownfield-land,local-authority:BNE,London Borough of Barnet,authoritative,267
brownfield-land,local-authority:BNH,Brighton and Hove City Council,authoritative,301
brownfield-land,local-authority:BNS,Barnsley Metropolitan Borough Council,authoritative,99
brownfield-land,local-authority:BOL,Bolton Metropolitan Borough Council,authoritative,149
brownfield-land,local-authority:BOS,Bolsover District Council,authoritative,91
brownfield-land,local-authority:BOT,Boston Borough Council,authoritative,46
brownfield-land,local-authority:BPC,"Bournemouth, Christchurch and Poole Council",authoritative,346
brownfield-land,local-authority:BPL,Blackpool Borough Council,authoritative,64
brownfield-land,local-authority:BRA,Braintree District Council,authoritative,48
brownfield-land,local-authority:BRC,Bracknell Forest Council,authoritative,59
brownfield-land,local-authority:BRD,City of Bradford Metropolitan District Council,authoritative,387
brownfield-land,local-authority:BRE,Breckland District Council,authoritative,25
brownfield-land,local-authority:BRM,Bromsgrove District Council,authoritative,14
brownfield-land,local-authority:BRO,Broadland District Council,authoritative,23
brownfield-land,local-authority:BRT,Broxtowe Borough Council,authoritative,23
brownfield-land,local-authority:BRW,Brentwood Borough Council,authoritative,81
brownfield-land,local-authority:BRX,Broxbourne Borough Council,authoritative,42
brownfield-land,local-authority:BRY,London Borough of Bromley,authoritative,88
brownfield-land,local-authority:BST,Bristol City Council,authoritative,582
brownfield-land,local-authority:BUC,Buckinghamshire Council,authoritative,317
brownfield-land,local-authority:BUN,Burnley Borough Council,authoritative,28
brownfield-land,local-authority:BUR,Bury Metropolitan Borough Council,authoritative,108
brownfield-land,local-authority:CAB,Cambridge City Council,authoritative,127
brownfield-land,local-authority:CAN,Cannock Chase District Council,authoritative,129
brownfield-land,local-authority:CAS,Castle Point Borough Council,authoritative,73
brownfield-land,local-authority:CAT,Canterbury City Council,authoritative,77
brownfield-land,local-authority:CBF,Central Bedfordshire Council,authoritative,94
brownfield-land,local-authority:CHA,Charnwood Borough Council,authoritative,115
brownfield-land,local-authority:CHE,Cheshire East Council,authoritative,194
brownfield-land,local-authority:CHI,Chichester District Council,authoritative,29
brownfield-land,local-authority:CHL,Chelmsford City Council,authoritative,421
brownfield-land,local-authority:CHO,Chorley Borough Council,authoritative,80
brownfield-land,local-authority:CHR,Cherwell District Council,authoritative,133
brownfield-land,local-authority:CHS,Chesterfield Borough Council,authoritative,71
brownfield-land,local-authority:CHT,Cheltenham Borough Council,authoritative,76
brownfield-land,local-authority:CHW,Cheshire West and Chester Council,authoritative,497
brownfield-land,local-authority:CLD,Calderdale Metropolitan Borough Council,authoritative,220
brownfield-land,local-authority:CMD,London Borough of Camden,authoritative,151
brownfield-land,local-authority:COL,Colchester City Council,authoritative,33
brownfield-land,local-authority:CON,Cornwall Council,authoritative,295
brownfield-land,local-authority:COP,Copeland Borough Council,authoritative,23
brownfield-land,local-authority:COT,Cotswold District Council,authoritative,58
brownfield-land,local-authority:COV,Coventry City Council,authoritative,76
brownfield-land,local-authority:CRW,Crawley Borough Council,authoritative,48
brownfield-land,local-authority:CRY,London Borough of Croydon,authoritative,552
brownfield-land,local-authority:CUA,Cumberland Council,some,45
brownfield-land,local-authority:DAC,Dacorum Borough Council,authoritative,41
brownfield-land,local-authority:DAL,Darlington Borough Council,authoritative,23
brownfield-land,local-authority:DAR,Dartford Borough Council,authoritative,94
brownfield-land,local-authority:DEB,Derbyshire Dales District Council,authoritative,40
brownfield-land,local-authority:DER,Derby City Council,authoritative,46
brownfield-land,local-authority:DNC,Doncaster Metropolitan Borough Council,authoritative,243
brownfield-land,local-authority:DOV,Dover District Council,authoritative,129
brownfield-land,local-authority:DST,Dorset Council,authoritative,83
brownfield-land,local-authority:DUD,Dudley Metropolitan Borough Council,authoritative,201
brownfield-land,local-authority:DUR,Durham County Council,authoritative,69
brownfield-land,local-authority:EAL,London Borough of Ealing,authoritative,70
brownfield-land,local-authority:EAS,Eastbourne Borough Council,authoritative,133
brownfield-land,local-authority:EAT,Eastleigh Borough Council,authoritative,41
brownfield-land,local-authority:ECA,East Cambridgeshire District Council,authoritative,125
brownfield-land,local-authority:EDE,East Devon District Council,authoritative,39
brownfield-land,local-authority:EHA,East Hampshire District Council,authoritative,12
brownfield-land,local-authority:EHE,East Hertfordshire District Council,authoritative,6
brownfield-land,local-authority:ELI,East Lindsey District Council,authoritative,29
brownfield-land,local-authority:ELM,Elmbridge Borough Council,authoritative,251
brownfield-land,local-authority:ENF,London Borough of Enfield,authoritative,27
brownfield-land,local-authority:EPP,Epping Forest District Council,authoritative,131
brownfield-land,local-authority:EPS,Epsom and Ewell Borough Council,authoritative,46
brownfield-land,local-authority:ERE,Erewash Borough Council,authoritative,140
brownfield-land,local-authority:ERY,East Riding of Yorkshire Council,authoritative,302
brownfield-land,local-authority:ESK,East Suffolk Council,authoritative,139
brownfield-land,local-authority:EST,East Staffordshire Borough Council,authoritative,93
brownfield-land,local-authority:EXE,Exeter City Council,authoritative,66
brownfield-land,local-authority:FAR,Fareham Borough Council,authoritative,75
brownfield-land,local-authority:FEN,Fenland District Council,authoritative,60
brownfield-land,local-authority:FOE,Forest of Dean District Council,authoritative,81
brownfield-land,local-authority:FYL,Fylde Borough Council,authoritative,47
brownfield-land,local-authority:GAT,Gateshead Metropolitan Borough Council,authoritative,155
brownfield-land,local-authority:GED,Gedling Borough Council,authoritative,81
brownfield-land,local-authority:GLO,Gloucester City Council,authoritative,57
brownfield-land,local-authority:GOS,Gosport Borough Council,authoritative,32
brownfield-land,local-authority:GRA,Gravesham Borough Council,authoritative,97
brownfield-land,local-authority:GRE,Royal Borough of Greenwich,authoritative,123
brownfield-land,local-authority:GRT,Guildford Borough Council,authoritative,144
brownfield-land,local-authority:GRY,Great Yarmouth Borough Council,authoritative,103
brownfield-land,local-authority:HAA,Havant Borough Council,authoritative,87
brownfield-land,local-authority:HAL,Halton Borough Council,authoritative,96
brownfield-land,local-authority:HAO,Harborough District Council,authoritative,32
brownfield-land,local-authority:HAR,Harlow District Council,authoritative,111
brownfield-land,local-authority:HAS,Hastings Borough Council,authoritative,45
brownfield-land,local-authority:HAT,Hart District Council,authoritative,138
brownfield-land,local-authority:HAV,London Borough of Havering,authoritative,114
brownfield-land,local-authority:HCK,London Borough of Hackney,authoritative,38
brownfield-land,local-authority:HEF,Herefordshire Council,authoritative,75
brownfield-land,local-authority:HER,Hertsmere Borough Council,authoritative,101
brownfield-land,local-authority:HIG,High Peak Borough Council,authoritative,52
brownfield-land,local-authority:HIL,London Borough of Hillingdon,authoritative,203
brownfield-land,local-authority:HIN,Hinckley and Bosworth Borough Council,authoritative,10
brownfield-land,local-authority:HMF,London Borough of Hammersmith & Fulham,authoritative,23
brownfield-land,local-authority:HNS,London Borough of Hounslow,authoritative,179
brownfield-land,local-authority:HOR,Horsham District Council,authoritative,48
brownfield-land,local-authority:HPL,Hartlepool Borough Council,authoritative,40
brownfield-land,local-authority:HRW,London Borough of Harrow,authoritative,102
brownfield-land,local-authority:HRY,London Borough of Haringey,authoritative,277
brownfield-land,local-authority:HUN,Huntingdonshire District Council,authoritative,38
brownfield-land,local-authority:HYN,Hyndburn Borough Council,authoritative,38
brownfield-land,local-authority:IOS,Council of the Isles of Scilly,authoritative,2
brownfield-land,local-authority:IOW,Isle of Wight Council,authoritative,116
brownfield-land,local-authority:IPS,Ipswich Borough Council,authoritative,151
brownfield-land,local-authority:ISL,London Borough of Islington,authoritative,146
brownfield-land,local-authority:KEC,Royal Borough of Kensington and Chelsea,authoritative,74
brownfield-land,local-authority:KHL,Hull City Council,authoritative,87
brownfield-land,local-authority:KIN,Borough Council of King's Lynn and West Norfolk,authoritative,89
brownfield-land,local-authority:KIR,Kirklees Council,authoritative,200
brownfield-land,local-authority:KTT,Royal Borough of Kingston upon Thames,authoritative,49
brownfield-land,local-authority:KWL,Knowsley Metropolitan Borough Council,authoritative,172
brownfield-land,local-authority:LAC,Lancaster City Council,authoritative,63
brownfield-land,local-authority:LBH,London Borough of Lambeth,authoritative,171
brownfield-land,local-authority:LCE,Leicester City Council,authoritative,66
brownfield-land,local-authority:LDS,Leeds City Council,authoritative,496
brownfield-land,local-authority:LEE,Lewes District Council,authoritative,71
brownfield-land,local-authority:LEW,London Borough of Lewisham,authoritative,336
brownfield-land,local-authority:LIC,City of Lincoln Council,authoritative,14
brownfield-land,local-authority:LIF,Lichfield District Council,authoritative,67
brownfield-land,local-authority:LIV,Liverpool City Council,authoritative,89
brownfield-land,local-authority:LND,City of London Corporation,authoritative,2
brownfield-land,local-authority:LUT,Luton Borough Council,authoritative,166
brownfield-land,local-authority:MAI,Maidstone Borough Council,authoritative,158
brownfield-land,local-authority:MAL,Maldon District Council,authoritative,9
brownfield-land,local-authority:MAN,Manchester City Council,authoritative,616
brownfield-land,local-authority:MAS,Mansfield District Council,authoritative,18
brownfield-land,local-authority:MAV,Malvern Hills District Council,authoritative,37
brownfield-land,local-authority:MDB,Middlesbrough Borough Council,authoritative,64
brownfield-land,local-authority:MDE,Mid Devon District Council,authoritative,21
brownfield-land,local-authority:MDW,Medway Council,authoritative,135
brownfield-land,local-authority:MEL,Melton Borough Council,authoritative,60
brownfield-land,local-authority:MEN,Mendip District Council,authoritative,2
brownfield-land,local-authority:MIK,Milton Keynes City Council,authoritative,95
brownfield-land,local-authority:MOL,Mole Valley District Council,authoritative,77
brownfield-land,local-authority:MRT,London Borough of Merton,authoritative,277
brownfield-land,local-authority:MSS,Mid Sussex District Council,authoritative,100
brownfield-land,local-authority:MSU,Mid Suffolk District Council,authoritative,32
brownfield-land,local-authority:NBL,Northumberland County Council,authoritative,360
brownfield-land,local-authority:NDE,North Devon District Council,authoritative,104
brownfield-land,local-authority:NEA,Newark and Sherwood District Council,authoritative,79
brownfield-land,local-authority:NEC,Newcastle-under-Lyme Borough Council,authoritative,82
brownfield-land,local-authority:NED,North East Derbyshire District Council,authoritative,52
brownfield-land,local-authority:NEL,North East Lincolnshire Council,authoritative,69
brownfield-land,local-authority:NET,Newcastle City Council,authoritative,188
brownfield-land,local-authority:NEW,New Forest District Council,authoritative,72
brownfield-land,local-authority:NGM,Nottingham City Council,authoritative,438
brownfield-land,local-authority:NHE,North Hertfordshire District Council,authoritative,57
brownfield-land,local-authority:NKE,North Kesteven District Council,authoritative,7
brownfield-land,local-authority:NLN,North Lincolnshire Council,authoritative,80
brownfield-land,local-authority:NNO,North Norfolk District Council,authoritative,16
brownfield-land,local-authority:NNUA,North Northamptonshire Council,authoritative,18
brownfield-land,local-authority:NOW,Norwich City Council,authoritative,154
brownfield-land,local-authority:NSM,North Somerset Council,authoritative,93
brownfield-land,local-authority:NTY,North Tyneside Council,authoritative,150
brownfield-land,local-authority:NUN,Nuneaton and Bedworth Borough Council,authoritative,158
brownfield-land,local-authority:NWA,North Warwickshire Borough Council,authoritative,37
brownfield-land,local-authority:NWL,North West Leicestershire District Council,authoritative,41
brownfield-land,local-authority:NWM,London Borough of Newham,authoritative,96
brownfield-land,local-authority:NYUA,North Yorkshire Council,some,296
brownfield-land,local-authority:OAD,Oadby and Wigston Borough Council,authoritative,22
brownfield-land,local-authority:OLD,Oldham Metropolitan Borough Council,authoritative,161
brownfield-land,local-authority:OXO,Oxford City Council,authoritative,130
brownfield-land,local-authority:PEN,Pendle Borough Council,authoritative,77
brownfield-land,local-authority:PLY,Plymouth City Council,authoritative,166
brownfield-land,local-authority:POR,Portsmouth City Council,authoritative,234
brownfield-land,local-authority:PRE,Preston City Council,authoritative,65
brownfield-land,local-authority:PTE,Peterborough City Council,authoritative,72
brownfield-land,local-authority:RCC,Redcar and Cleveland Borough Council,authoritative,59
brownfield-land,local-authority:RCH,Rochdale Metropolitan Borough Council,authoritative,153
brownfield-land,local-authority:RDB,London Borough of Redbridge,authoritative,188
brownfield-land,local-authority:RDG,Reading Borough Council,authoritative,217
brownfield-land,local-authority:RED,Redditch Borough Council,authoritative,18
brownfield-land,local-authority:REI,Reigate and Banstead Borough Council,authoritative,187
brownfield-land,local-authority:RIB,Ribble Valley Borough Council,authoritative,25
brownfield-land,local-authority:RIC,London Borough of Richmond upon Thames,authoritative,118
brownfield-land,local-authority:ROC,Rochford District Council,authoritative,31
brownfield-land,local-authority:ROH,Rother District Council,authoritative,65
brownfield-land,local-authority:ROS,Rossendale Borough Council,authoritative,55
brownfield-land,local-authority:ROT,Rotherham Metropolitan Borough Council,authoritative,88
brownfield-land,local-authority:RUG,Rugby Borough Council,authoritative,23
brownfield-land,local-authority:RUH,Rushmoor Borough Council,authoritative,75
brownfield-land,local-authority:RUN,Runnymede Borough Council,authoritative,187
brownfield-land,local-authority:RUS,Rushcliffe Borough Council,authoritative,32
brownfield-land,local-authority:RUT,Rutland County Council,authoritative,9
brownfield-land,local-authority:SAL,St Albans City and District Council,authoritative,42
brownfield-land,local-authority:SAW,Sandwell Metropolitan Borough Council,authoritative,429
brownfield-land,local-authority:SCA,South Cambridgeshire District Council,authoritative,205
brownfield-land,local-authority:SDE,South Derbyshire District Council,authoritative,37
brownfield-land,local-authority:SEV,Sevenoaks District Council,authoritative,191
brownfield-land,local-authority:SFT,Sefton Metropolitan Borough Council,authoritative,62
brownfield-land,local-authority:SGC,South Gloucestershire Council,authoritative,185
brownfield-land,local-authority:SHA,South Hams District Council,authoritative,13
brownfield-land,local-authority:SHF,Sheffield City Council,authoritative,667
brownfield-land,local-authority:SHN,St Helens Council,authoritative,130
brownfield-land,local-authority:SHO,South Holland District Council,authoritative,42
brownfield-land,local-authority:SHR,Shropshire Council,authoritative,191
brownfield-land,local-authority:SKE,South Kesteven District Council,authoritative,12
brownfield-land,local-authority:SKP,Stockport Metropolitan Borough Council,authoritative,116
brownfield-land,local-authority:SLF,Salford City Council,authoritative,526
brownfield-land,local-authority:SLG,Slough Borough Council,authoritative,111
brownfield-land,local-authority:SND,Sunderland City Council,authoritative,129
brownfield-land,local-authority:SNO,South Norfolk District Council,authoritative,78
brownfield-land,local-authority:SOL,Solihull Metropolitan Borough Council,authoritative,154
brownfield-land,local-authority:SOS,Southend-on-Sea Borough Council,authoritative,56
brownfield-land,local-authority:SOX,South Oxfordshire District Council,authoritative,96
brownfield-land,local-authority:SPE,Spelthorne Borough Council,authoritative,59
brownfield-land,local-authority:SRI,South Ribble Borough Council,authoritative,37
brownfield-land,local-authority:SSO,South Somerset District Council,authoritative,37
brownfield-land,local-authority:SST,South Staffordshire Council,authoritative,63
brownfield-land,local-authority:STA,Stafford Borough Council,authoritative,31
brownfield-land,local-authority:STE,Stoke-on-Trent City Council,authoritative,353
brownfield-land,local-authority:STF,Staffordshire Moorlands District Council,authoritative,55
brownfield-land,local-authority:STH,Southampton City Council,authoritative,37
brownfield-land,local-authority:STN,London Borough of Sutton,authoritative,103
brownfield-land,local-authority:STO,Stroud District Council,authoritative,98
brownfield-land,local-authority:STR,Stratford-on-Avon District Council,authoritative,99
brownfield-land,local-authority:STT,Stockton-on-Tees Borough Council,authoritative,26
brownfield-land,local-authority:STV,Stevenage Borough Council,authoritative,18
brownfield-land,local-authority:STY,South Tyneside Council,authoritative,73
brownfield-land,local-authority:SUA,Somerset Council,some,287
brownfield-land,local-authority:SUR,Surrey Heath Borough Council,authoritative,122
brownfield-land,local-authority:SWD,Swindon Borough Council,authoritative,224
brownfield-land,local-authority:SWK,London Borough of Southwark,authoritative,791
brownfield-land,local-authority:SWL,Swale Borough Council,authoritative,58
brownfield-land,local-authority:TAM,Tameside Metropolitan Borough Council,authoritative,204
brownfield-land,local-authority:TAN,Tandridge District Council,authoritative,178
brownfield-land,local-authority:TAW,Tamworth Borough Council,authoritative,39
brownfield-land,local-authority:TEI,Teignbridge District Council,authoritative,70
brownfield-land,local-authority:TEN,Tendring District Council,authoritative,66
brownfield-land,local-authority:TES,Test Valley Borough Council,authoritative,18
brownfield-land,local-authority:TEW,Tewkesbury Borough Council,authoritative,15
brownfield-land,local-authority:TFW,Telford & Wrekin Council,authoritative,63
brownfield-land,local-authority:THA,Thanet District Council,authoritative,474
brownfield-land,local-authority:THE,Three Rivers District Council,authoritative,62
brownfield-land,local-authority:THR,Thurrock Council,authoritative,72
brownfield-land,local-authority:TOB,Torbay Council,authoritative,99
brownfield-land,local-authority:TON,Tonbridge and Malling Borough Council,authoritative,17
brownfield-land,local-authority:TOR,Torridge District Council,authoritative,76
brownfield-land,local-authority:TRF,Trafford Metropolitan Borough Council,authoritative,62
brownfield-land,local-authority:TUN,Tunbridge Wells Borough Council,authoritative,124
brownfield-land,local-authority:TWH,London Borough of Tower Hamlets,authoritative,26
brownfield-land,local-authority:UTT,Uttlesford District Council,authoritative,31
brownfield-land,local-authority:VAL,Vale of White Horse District Council,authoritative,74
brownfield-land,local-authority:WAE,Waverley Borough Council,authoritative,110
brownfield-land,local-authority:WAT,Watford Borough Council,authoritative,85
brownfield-land,local-authority:WAW,Warwick District Council,authoritative,33
brownfield-land,local-authority:WBK,West Berkshire Council,authoritative,109
brownfield-land,local-authority:WDE,West Devon Borough Council,authoritative,4
brownfield-land,local-authority:WEA,Wealden District Council,authoritative,72
brownfield-land,local-authority:WEW,Welwyn Hatfield Borough Council,authoritative,106
brownfield-land,local-authority:WFT,London Borough of Waltham Forest,authoritative,224
brownfield-land,local-authority:WFUA,Westmorland and Furness Council,authoritative,66
brownfield-land,local-authority:WGN,Wigan Metropolitan Borough Council,authoritative,226
brownfield-land,local-authority:WIL,Wiltshire Council,authoritative,173
brownfield-land,local-authority:WIN,Winchester City Council,authoritative,176
brownfield-land,local-authority:WKF,Wakefield Metropolitan District Council,authoritative,210
brownfield-land,local-authority:WLA,West Lancashire Borough Council,authoritative,40
brownfield-land,local-authority:WLI,West Lindsey District Council,authoritative,89
brownfield-land,local-authority:WLL,Walsall Metropolitan Borough Council,authoritative,125
brownfield-land,local-authority:WLV,City of Wolverhampton Council,authoritative,971
brownfield-land,local-authority:WND,London Borough of Wandsworth,authoritative,408
brownfield-land,local-authority:WNM,Royal Borough of Windsor and Maidenhead,authoritative,68
brownfield-land,local-authority:WNUA,West Northamptonshire Council,authoritative,86
brownfield-land,local-authority:WOC,Worcester City Council,authoritative,109
brownfield-land,local-authority:WOI,Woking Borough Council,authoritative,122
brownfield-land,local-authority:WOK,Wokingham Borough Council,authoritative,101
brownfield-land,local-authority:WOT,Worthing Borough Council,authoritative,64
brownfield-land,local-authority:WOX,West Oxfordshire District Council,authoritative,33
brownfield-land,local-authority:WRL,Wirral Borough Council,authoritative,190
brownfield-land,local-authority:WRT,Warrington Borough Council,authoritative,163
brownfield-land,local-authority:WSK,West Suffolk Council,authoritative,27
brownfield-land,local-authority:WSM,City of Westminster,authoritative,280
brownfield-land,local-authority:WYC,Wychavon District Council,authoritative,42
brownfield-land,local-authority:WYE,Wyre Forest District Council,authoritative,59
brownfield-land,local-authority:WYR,Wyre Borough Council,authoritative,43
brownfield-land,local-authority:YOR,City of York Council,authoritative,125
brownfield-land,national-park-authority:Q20198711,South Downs National Park Authority,authoritative,78
brownfield-land,national-park-authority:Q27159704,Lake District National Park Authority,authoritative,9
brownfield-land,national-park-authority:Q27178932,Yorkshire Dales National Park Authority,authoritative,11
brownfield-land,national-park-authority:Q4972284,Broads Authority,authoritative,53
brownfield-land,national-park-authority:Q5225646,Dartmoor National Park Authority,authoritative,7
brownfield-land,national-park-authority:Q72617158,New Forest National Park Authority,authoritative,43
brownfield-land,national-park-authority:Q72617669,North York Moors National Park Authority,authoritative,5
brownfield-land,national-park-authority:Q72617784,Exmoor National Park Authority,authoritative,6
brownfield-land,national-park-authority:Q72617890,Northumberland National Park Authority,authoritative,1
brownfield-land,national-park-authority:Q72617988,Peak District National Park Authority,authoritative,2
brownfield-site,development-corporation:Q20648596,Old Oak and Park Royal Development Corporation,some,41
brownfield-site,development-corporation:Q6670544,London Legacy Development Corporation,some,2
brownfield-site,local-authority:BDG,London Borough of Barking and Dagenham,some,63
brownfield-site,local-authority:BEN,London Borough of Brent,some,112
brownfield-site,local-authority:BNE,London Borough of Barnet,some,110
brownfield-site,local-authority:BRY,London Borough of Bromley,some,61
brownfield-site,local-authority:CMD,London Borough of Camden,some,96
brownfield-site,local-authority:CON,Cornwall Council,authoritative,294
brownfield-site,local-authority:DNC,Doncaster Metropolitan Borough Council,authoritative,152
brownfield-site,local-authority:EAL,London Borough of Ealing,some,70
brownfield-site,local-authority:GRE,Royal Borough of Greenwich,some,95
brownfield-site,local-authority:HIL,London Borough of Hillingdon,some,84
brownfield-site,local-authority:HMF,London Borough of Hammersmith & Fulham,some,12
brownfield-site,local-authority:HRW,London Borough of Harrow,some,102
brownfield-site,local-authority:HRY,London Borough of Haringey,some,179
brownfield-site,local-authority:ISL,London Borough of Islington,some,101
brownfield-site,local-authority:KEC,Royal Borough of Kensington and Chelsea,some,61
brownfield-site,local-authority:KTT,Royal Borough of Kingston upon Thames,some,80
brownfield-site,local-authority:LBH,London Borough of Lambeth,some,36
brownfield-site,local-authority:LEW,London Borough of Lewisham,some,128
brownfield-site,local-authority:LND,City of London Corporation,some,2
brownfield-site,local-authority:MRT,London Borough of Merton,some,51
brownfield-site,local-authority:NWM,London Borough of Newham,some,68
brownfield-site,local-authority:RDB,London Borough of Redbridge,some,184
brownfield-site,local-authority:RIC,London Borough of Richmond upon Thames,some,50
brownfield-site,local-authority:SWK,London Borough of Southwark,authoritative,346
brownfield-site,local-authority:TWH,London Borough of Tower Hamlets,some,26
brownfield-site,local-authority:WFT,London Borough of Waltham Forest,some,34
brownfield-site,local-authority:WND,London Borough of Wandsworth,some,175
brownfield-site,local-authority:WSM,City of Westminster,some,101
building-preservation-notice,government-organisation:PB1164,Historic England,authoritative,9
built-up-area,government-organisation:D303,Office for National Statistics,authoritative,7157
certificate-of-immunity,government-organisation:PB1164,Historic England,authoritative,252
community-infrastructure-levy-schedule,local-authority:ARU,Arun District Council,some,1
community-infrastructure-levy-schedule,local-authority:BAB,Babergh District Council,some,1
community-infrastructure-levy-schedule,local-authority:BAE,Bassetlaw District Council,some,1
community-infrastructure-levy-schedule,local-authority:BAI,Basildon Borough Council,some,1
community-infrastructure-levy-schedule,local-authority:BAN,Basingstoke and Deane Borough Council,some,1
community-infrastructure-levy-schedule,local-authority:BAS,Bath and North East Somerset Council,some,1
community-infrastructure-levy-schedule,local-authority:BDF,Bedford Borough Council,some,1
community-infrastructure-levy-schedule,local-authority:BDG,London Borough of Barking and Dagenham,some,1
community-infrastructure-levy-schedule,local-authority:BEX,London Borough of Bexley,some,1
community-infrastructure-levy-schedule,local-authority:BIR,Birmingham City Council,some,1
community-infrastructure-levy-schedule,local-authority:BLA,Blaby District Council,some,1
community-infrastructure-levy-schedule,local-authority:BNE,London Borough of Barnet,some,1
community-infrastructure-levy-schedule,local-authority:BNH,Brighton and Hove City Council,some,1
community-infrastructure-levy-schedule,local-authority:BPC,"Bournemouth, Christchurch and Poole Council",some,3
community-infrastructure-levy-schedule,local-authority:BRC,Bracknell Forest Council,some,1
community-infrastructure-levy-schedule,local-authority:BRD,City of Bradford Metropolitan District Council,some,1
community-infrastructure-levy-schedule,local-authority:BRM,Bromsgrove District Council,some,1
community-infrastructure-levy-schedule,local-authority:BRO,Broadland District Council,some,1
community-infrastructure-levy-schedule,local-authority:BRT,Broxtowe Borough Council,some,1
community-infrastructure-levy-schedule,local-authority:BRW,Brentwood Borough Council,some,1
community-infrastructure-levy-schedule,local-authority:BRX,Broxbourne Borough Council,some,1
community-infrastructure-levy-schedule,local-authority:BST,Bristol City Council,some,1
community-infrastructure-levy-schedule,local-authority:BUC,Buckinghamshire Council,some,1
community-infrastructure-levy-schedule,local-authority:CAB,Cambridge City Council,some,1
community-infrastructure-levy-schedule,local-authority:CAM,Cambridgeshire County Council,some,1
community-infrastructure-levy-schedule,local-authority:CAN,Cannock Chase District Council,some,1
community-infrastructure-levy-schedule,local-authority:CAS,Castle Point Borough Council,some,1
community-infrastructure-levy-schedule,local-authority:CAT,Canterbury City Council,some,1
community-infrastructure-levy-schedule,local-authority:CBF,Central Bedfordshire Council,some,1
community-infrastructure-levy-schedule,local-authority:CHA,Charnwood Borough Council,some,1
community-infrastructure-levy-schedule,local-authority:CHE,Cheshire East Council,some,1
community-infrastructure-levy-schedule,local-authority:CHI,Chichester District Council,some,1
community-infrastructure-levy-schedule,local-authority:CHL,Chelmsford City Council,some,1
community-infrastructure-levy-schedule,local-authority:CHO,Chorley Borough Council,some,1
community-infrastructure-levy-schedule,local-authority:CHR,Cherwell District Council,some,1
community-infrastructure-levy-schedule,local-authority:CHS,Chesterfield Borough Council,some,1
community-infrastructure-levy-schedule,local-authority:CHT,Cheltenham Borough Council,some,1
community-infrastructure-levy-schedule,local-authority:CHW,Cheshire West and Chester Council,some,1
community-infrastructure-levy-schedule,local-authority:COL,Colchester City Council,some,1
community-infrastructure-levy-schedule,local-authority:CON,Cornwall Council,some,1
community-infrastructure-levy-schedule,local-authority:COT,Cotswold District Council,some,1
community-infrastructure-levy-schedule,local-authority:CRW,Crawley Borough Council,some,1
community-infrastructure-levy-schedule,local-authority:DAC,Dacorum Borough Council,some,1
community-infrastructure-levy-schedule,local-authority:DAL,Darlington Borough Council,some,1
community-infrastructure-levy-schedule,local-authority:DAR,Dartford Borough Council,some,1
community-infrastructure-levy-schedule,local-authority:DBY,Derbyshire County Council,some,1
community-infrastructure-levy-schedule,local-authority:DEB,Derbyshire Dales District Council,some,1
community-infrastructure-levy-schedule,local-authority:DER,Derby City Council,some,1
community-infrastructure-levy-schedule,local-authority:DEV,Devon County Council,some,1
community-infrastructure-levy-schedule,local-authority:DNC,Doncaster Metropolitan Borough Council,some,1
community-infrastructure-levy-schedule,local-authority:DOV,Dover District Council,some,1
community-infrastructure-levy-schedule,local-authority:DST,Dorset Council,some,4
community-infrastructure-levy-schedule,local-authority:DUD,Dudley Metropolitan Borough Council,some,1
community-infrastructure-levy-schedule,local-authority:EAS,Eastbourne Borough Council,some,1
community-infrastructure-levy-schedule,local-authority:ECA,East Cambridgeshire District Council,some,1
community-infrastructure-levy-schedule,local-authority:EDE,East Devon District Council,some,1
community-infrastructure-levy-schedule,local-authority:EHA,East Hampshire District Council,some,1
community-infrastructure-levy-schedule,local-authority:ELM,Elmbridge Borough Council,some,1
community-infrastructure-levy-schedule,local-authority:EPS,Epsom and Ewell Borough Council,some,1
community-infrastructure-levy-schedule,local-authority:ESK,East Suffolk Council,some,1
community-infrastructure-levy-schedule,local-authority:ESX,East Sussex County Council,some,4
community-infrastructure-levy-schedule,local-authority:EXE,Exeter City Council,some,1
community-infrastructure-levy-schedule,local-authority:FAR,Fareham Borough Council,some,1
community-infrastructure-levy-schedule,local-authority:GAT,Gateshead Metropolitan Borough Council,some,1
community-infrastructure-levy-schedule,local-authority:GED,Gedling Borough Council,some,1
community-infrastructure-levy-schedule,local-authority:GLA,Greater London Authority,some,1
community-infrastructure-levy-schedule,local-authority:GLO,Gloucester City Council,some,1
community-infrastructure-levy-schedule,local-authority:GOS,Gosport Borough Council,some,1
community-infrastructure-levy-schedule,local-authority:HAA,Havant Borough Council,some,1
community-infrastructure-levy-schedule,local-authority:HER,Hertsmere Borough Council,some,1
community-infrastructure-levy-schedule,local-authority:HOR,Horsham District Council,some,1
community-infrastructure-levy-schedule,local-authority:HUN,Huntingdonshire District Council,some,1
community-infrastructure-levy-schedule,local-authority:KIN,Borough Council of King's Lynn and West Norfolk,some,1
community-infrastructure-levy-schedule,local-authority:KIR,Kirklees Council,some,1
community-infrastructure-levy-schedule,local-authority:LDS,Leeds City Council,some,1
community-infrastructure-levy-schedule,local-authority:LEE,Lewes District Council,some,1
community-infrastructure-levy-schedule,local-authority:LIC,City of Lincoln Council,some,1
community-infrastructure-levy-schedule,local-authority:LIF,Lichfield District Council,some,1
community-infrastructure-levy-schedule,local-authority:LND,City of London Corporation,some,1
community-infrastructure-levy-schedule,local-authority:NYUA,North Yorkshire Council,some,4
community-infrastructure-levy-schedule,local-authority:SGC,South Gloucestershire Council,some,1
community-infrastructure-levy-schedule,local-authority:SHE,Folkestone and Hythe Council,some,1
community-infrastructure-levy-schedule,local-authority:SHR,Shropshire Council,some,1
community-infrastructure-levy-schedule,local-authority:SNO,South Norfolk District Council,some,1
community-infrastructure-levy-schedule,local-authority:SOL,Solihull Metropolitan Borough Council,some,1
community-infrastructure-levy-schedule,local-authority:SOS,Southend-on-Sea Borough Council,some,1
community-infrastructure-levy-schedule,local-authority:SOX,South Oxfordshire District Council,some,1
community-infrastructure-levy-schedule,local-authority:SRI,South Ribble Borough Council,some,1
community-infrastructure-levy-schedule,local-authority:STH,Southampton City Council,some,1
community-infrastructure-levy-schedule,local-authority:STO,Stroud District Council,some,1
community-infrastructure-levy-schedule,local-authority:STR,Stratford-on-Avon District Council,some,1
community-infrastructure-levy-schedule,local-authority:STV,Stevenage Borough Council,some,1
community-infrastructure-levy-schedule,local-authority:SUA,Somerset Council,some,6
community-infrastructure-levy-schedule,local-authority:SUR,Surrey Heath Borough Council,some,1
community-infrastructure-levy-schedule,local-authority:SWD,Swindon Borough Council,some,1
community-infrastructure-levy-schedule,local-authority:TAN,Tandridge District Council,some,1
community-infrastructure-levy-schedule,local-authority:TAW,Tamworth Borough Council,some,1
community-infrastructure-levy-schedule,local-authority:TEI,Teignbridge District Council,some,1
community-infrastructure-levy-schedule,local-authority:TEN,Tendring District Council,some,1
community-infrastructure-levy-schedule,local-authority:TES,Test Valley Borough Council,some,1
community-infrastructure-levy-schedule,local-authority:TEW,Tewkesbury Borough Council,some,1
community-infrastructure-levy-schedule,local-authority:THE,Three Rivers District Council,some,1
community-infrastructure-levy-schedule,local-authority:TOB,Torbay Council,some,1
community-infrastructure-levy-schedule,local-authority:TRF,Trafford Metropolitan Borough Council,some,1
community-infrastructure-levy-schedule,local-authority:VAL,Vale of White Horse District Council,some,1
community-infrastructure-levy-schedule,local-authority:WAE,Waverley Borough Council,some,1
community-infrastructure-levy-schedule,local-authority:WAT,Watford Borough Council,some,1
community-infrastructure-levy-schedule,local-authority:WAW,Warwick District Council,some,1
community-infrastructure-levy-schedule,local-authority:WBK,West Berkshire Council,some,1
community-infrastructure-levy-schedule,local-authority:WEA,Wealden District Council,some,1
community-infrastructure-levy-schedule,local-authority:WEW,Welwyn Hatfield Borough Council,some,1
community-infrastructure-levy-schedule,local-authority:WFUA,Westmorland and Furness Council,some,1
community-infrastructure-levy-schedule,local-authority:WIN,Winchester City Council,some,1
community-infrastructure-levy-schedule,local-authority:WKF,Wakefield Metropolitan District Council,some,1
community-infrastructure-levy-schedule,local-authority:WLA,West Lancashire Borough Council,some,1
community-infrastructure-levy-schedule,local-authority:WLI,West Lindsey District Council,some,1
community-infrastructure-levy-schedule,local-authority:WNUA,West Northamptonshire Council,some,1
community-infrastructure-levy-schedule,local-authority:WOC,Worcester City Council,some,1
community-infrastructure-levy-schedule,local-authority:WOI,Woking Borough Council,some,1
community-infrastructure-levy-schedule,local-authority:WOK,Wokingham Borough Council,some,1
community-infrastructure-levy-schedule,local-authority:WOT,Worthing Borough Council,some,1
community-infrastructure-levy-schedule,local-authority:WSM,City of Westminster,some,1
community-infrastructure-levy-schedule,local-authority:WYC,Wychavon District Council,some,1
conservation-area,development-corporation:Q20648596,Old Oak and Park Royal Development Corporation,some,3
conservation-area,government-organisation:D1342,"Ministry of Housing, Communities & Local Government",some,431
conservation-area,government-organisation:PB1164,Historic England,some,3
conservation-area,local-authority:ADU,Adur District Council,authoritative,7
conservation-area,local-authority:AMB,Amber Valley Borough Council,some,29
conservation-area,local-authority:ARU,Arun District Council,some,23
conservation-area,local-authority:ASF,Ashford Borough Council,authoritative,44
conservation-area,local-authority:ASH,Ashfield District Council,some,5
conservation-area,local-authority:BAB,Babergh District Council,some,58
conservation-area,local-authority:BAE,Bassetlaw District Council,authoritative,33
conservation-area,local-authority:BAI,Basildon Borough Council,some,4
conservation-area,local-authority:BAN,Basingstoke and Deane Borough Council,some,43
conservation-area,local-authority:BAS,Bath and North East Somerset Council,some,35
conservation-area,local-authority:BBD,Blackburn with Darwen Borough Council,some,14
conservation-area,local-authority:BDF,Bedford Borough Council,some,29
conservation-area,local-authority:BDG,London Borough of Barking and Dagenham,authoritative,4
conservation-area,local-authority:BEN,London Borough of Brent,authoritative,23
conservation-area,local-authority:BEX,London Borough of Bexley,some,31
conservation-area,local-authority:BIR,Birmingham City Council,authoritative,29
conservation-area,local-authority:BLA,Blaby District Council,some,11
conservation-area,local-authority:BNE,London Borough of Barnet,authoritative,16
conservation-area,local-authority:BNH,Brighton and Hove City Council,some,34
conservation-area,local-authority:BNS,Barnsley Metropolitan Borough Council,some,17
conservation-area,local-authority:BOL,Bolton Metropolitan Borough Council,authoritative,26
conservation-area,local-authority:BOS,Bolsover District Council,some,27
conservation-area,local-authority:BOT,Boston Borough Council,some,11
conservation-area,local-authority:BPC,"Bournemouth, Christchurch and Poole Council",some,48
conservation-area,local-authority:BPL,Blackpool Borough Council,some,10
conservation-area,local-authority:BRA,Braintree District Council,some,37
conservation-area,local-authority:BRC,Bracknell Forest Council,some,4
conservation-area,local-authority:BRD,City of Bradford Metropolitan District Council,authoritative,58
conservation-area,local-authority:BRE,Breckland District Council,some,45
conservation-area,local-authority:BRM,Bromsgrove District Council,some,12
conservation-area,local-authority:BRO,Broadland District Council,authoritative,31
conservation-area,local-authority:BRT,Broxtowe Borough Council,some,15
conservation-area,local-authority:BRW,Brentwood Borough Council,some,13
conservation-area,local-authority:BRX,Broxbourne Borough Council,some,6
conservation-area,local-authority:BRY,London Borough of Bromley,some,69
conservation-area,local-authority:BST,Bristol City Council,authoritative,34
conservation-area,local-authority:BUC,Buckinghamshire Council,authoritative,186
conservation-area,local-authority:BUN,Burnley Borough Council,authoritative,10
conservation-area,local-authority:BUR,Bury Metropolitan Borough Council,authoritative,12
conservation-area,local-authority:CAB,Cambridge City Council,authoritative,13
conservation-area,local-authority:CAN,Cannock Chase District Council,some,8
conservation-area,local-authority:CAS,Castle Point Borough Council,authoritative,2
conservation-area,local-authority:CAT,Canterbury City Council,authoritative,98
conservation-area,local-authority:CBF,Central Bedfordshire Council,authoritative,61
conservation-area,local-authority:CHA,Charnwood Borough Council,some,39
conservation-area,local-authority:CHE,Cheshire East Council,some,75
conservation-area,local-authority:CHI,Chichester District Council,some,23
conservation-area,local-authority:CHL,Chelmsford City Council,some,25
conservation-area,local-authority:CHO,Chorley Borough Council,some,9
conservation-area,local-authority:CHR,Cherwell District Council,some,60
conservation-area,local-authority:CHS,Chesterfield Borough Council,some,12
conservation-area,local-authority:CHT,Cheltenham Borough Council,some,7
conservation-area,local-authority:CHW,Cheshire West and Chester Council,some,95
conservation-area,local-authority:CLD,Calderdale Metropolitan Borough Council,authoritative,27
conservation-area,local-authority:CMD,London Borough of Camden,authoritative,40
conservation-area,local-authority:COL,Colchester City Council,authoritative,24
conservation-area,local-authority:CON,Cornwall Council,authoritative,145
conservation-area,local-authority:COT,Cotswold District Council,authoritative,144
conservation-area,local-authority:COV,Coventry City Council,authoritative,18
conservation-area,local-authority:CRW,Crawley Borough Council,authoritative,13
conservation-area,local-authority:CRY,London Borough of Croydon,some,20
conservation-area,local-authority:CUA,Cumberland Council,some,51
conservation-area,local-authority:DAC,Dacorum Borough Council,some,23
conservation-area,local-authority:DAL,Darlington Borough Council,some,17
conservation-area,local-authority:DAR,Dartford Borough Council,authoritative,6
conservation-area,local-authority:DEB,Derbyshire Dales District Council,some,33
conservation-area,local-authority:DER,Derby City Council,some,15
conservation-area,local-authority:DNC,Doncaster Metropolitan Borough Council,authoritative,38
conservation-area,local-authority:DOV,Dover District Council,authoritative,103
conservation-area,local-authority:DST,Dorset Council,authoritative,311
conservation-area,local-authority:DUD,Dudley Metropolitan Borough Council,authoritative,22
conservation-area,local-authority:DUR,Durham County Council,some,92
conservation-area,local-authority:EAL,London Borough of Ealing,some,31
conservation-area,local-authority:EAS,Eastbourne Borough Council,some,12
conservation-area,local-authority:EAT,Eastleigh Borough Council,some,8
conservation-area,local-authority:ECA,East Cambridgeshire District Council,authoritative,28
conservation-area,local-authority:EDE,East Devon District Council,some,32
conservation-area,local-authority:EHA,East Hampshire District Council,authoritative,50
conservation-area,local-authority:EHE,East Hertfordshire District Council,authoritative,42
conservation-area,local-authority:ELI,East Lindsey District Council,some,17
conservation-area,local-authority:ELM,Elmbridge Borough Council,some,25
conservation-area,local-authority:ENF,London Borough of Enfield,authoritative,24
conservation-area,local-authority:EPP,Epping Forest District Council,some,25
conservation-area,local-authority:EPS,Epsom and Ewell Borough Council,authoritative,28
conservation-area,local-authority:ERE,Erewash Borough Council,some,22
conservation-area,local-authority:ERY,East Riding of Yorkshire Council,authoritative,126
conservation-area,local-authority:ESK,East Suffolk Council,some,45
conservation-area,local-authority:EST,East Staffordshire Borough Council,some,25
conservation-area,local-authority:EXE,Exeter City Council,authoritative,20
conservation-area,local-authority:FAR,Fareham Borough Council,authoritative,13
conservation-area,local-authority:FEN,Fenland District Council,authoritative,13
conservation-area,local-authority:FOE,Forest of Dean District Council,authoritative,27
conservation-area,local-authority:FYL,Fylde Borough Council,some,10
conservation-area,local-authority:GAT,Gateshead Metropolitan Borough Council,authoritative,22
conservation-area,local-authority:GED,Gedling Borough Council,authoritative,6
conservation-area,local-authority:GLO,Gloucester City Council,authoritative,14
conservation-area,local-authority:GOS,Gosport Borough Council,some,19
conservation-area,local-authority:GRA,Gravesham Borough Council,some,23
conservation-area,local-authority:GRE,Royal Borough of Greenwich,some,14
conservation-area,local-authority:GRT,Guildford Borough Council,some,41
conservation-area,local-authority:GRY,Great Yarmouth Borough Council,authoritative,23
conservation-area,local-authority:HAA,Havant Borough Council,authoritative,15
conservation-area,local-authority:HAL,Halton Borough Council,authoritative,13
conservation-area,local-authority:HAO,Harborough District Council,some,50
conservation-area,local-authority:HAR,Harlow District Council,authoritative,10
conservation-area,local-authority:HAS,Hastings Borough Council,some,18
conservation-area,local-authority:HAT,Hart District Council,authoritative,39
conservation-area,local-authority:HAV,London Borough of Havering,some,11
conservation-area,local-authority:HCK,London Borough of Hackney,some,31
conservation-area,local-authority:HEF,Herefordshire Council,some,64
conservation-area,local-authority:HER,Hertsmere Borough Council,some,16
conservation-area,local-authority:HIG,High Peak Borough Council,some,29
conservation-area,local-authority:HIL,London Borough of Hillingdon,authoritative,42
conservation-area,local-authority:HIN,Hinckley and Bosworth Borough Council,some,28
conservation-area,local-authority:HMF,London Borough of Hammersmith & Fulham,authoritative,47
conservation-area,local-authority:HNS,London Borough of Hounslow,authoritative,43
conservation-area,local-authority:HOR,Horsham District Council,authoritative,40
conservation-area,local-authority:HPL,Hartlepool Borough Council,some,8
conservation-area,local-authority:HRW,London Borough of Harrow,some,27
conservation-area,local-authority:HRY,London Borough of Haringey,authoritative,33
conservation-area,local-authority:HUN,Huntingdonshire District Council,authoritative,59
conservation-area,local-authority:HYN,Hyndburn Borough Council,some,10
conservation-area,local-authority:IOS,Council of the Isles of Scilly,authoritative,1
conservation-area,local-authority:IOW,Isle of Wight Council,some,48
conservation-area,local-authority:IPS,Ipswich Borough Council,authoritative,15
conservation-area,local-authority:ISL,London Borough of Islington,some,41
conservation-area,local-authority:KEC,Royal Borough of Kensington and Chelsea,authoritative,41
conservation-area,local-authority:KHL,Hull City Council,authoritative,26
conservation-area,local-authority:KIN,Borough Council of King's Lynn and West Norfolk,authoritative,87
conservation-area,local-authority:KIR,Kirklees Council,some,59
conservation-area,local-authority:KTT,Royal Borough of Kingston upon Thames,some,28
conservation-area,local-authority:LAC,Lancaster City Council,some,35
conservation-area,local-authority:LBH,London Borough of Lambeth,authoritative,65
conservation-area,local-authority:LCE,Leicester City Council,authoritative,25
conservation-area,local-authority:LDS,Leeds City Council,authoritative,80
conservation-area,local-authority:LEE,Lewes District Council,some,28
conservation-area,local-authority:LEW,London Borough of Lewisham,authoritative,30
conservation-area,local-authority:LIC,City of Lincoln Council,some,11
conservation-area,local-authority:LIF,Lichfield District Council,some,21
conservation-area,local-authority:LIV,Liverpool City Council,authoritative,36
conservation-area,local-authority:LND,City of London Corporation,authoritative,28
conservation-area,local-authority:LUT,Luton Borough Council,some,5
conservation-area,local-authority:MAI,Maidstone Borough Council,authoritative,53
conservation-area,local-authority:MAL,Maldon District Council,authoritative,92
conservation-area,local-authority:MAN,Manchester City Council,some,34
conservation-area,local-authority:MAS,Mansfield District Council,some,11
conservation-area,local-authority:MAV,Malvern Hills District Council,some,21
conservation-area,local-authority:MDB,Middlesbrough Borough Council,some,8
conservation-area,local-authority:MDE,Mid Devon District Council,some,51
conservation-area,local-authority:MDW,Medway Council,authoritative,24
conservation-area,local-authority:MEL,Melton Borough Council,some,43
conservation-area,local-authority:MIK,Milton Keynes City Council,authoritative,40
conservation-area,local-authority:MOL,Mole Valley District Council,authoritative,37
conservation-area,local-authority:MRT,London Borough of Merton,some,28
conservation-area,local-authority:MSS,Mid Sussex District Council,some,35
conservation-area,local-authority:MSU,Mid Suffolk District Council,some,1
conservation-area,local-authority:NBL,Northumberland County Council,authoritative,70
conservation-area,local-authority:NDE,North Devon District Council,some,41
conservation-area,local-authority:NEA,Newark and Sherwood District Council,some,47
conservation-area,local-authority:NEC,Newcastle-under-Lyme Borough Council,some,21
conservation-area,local-authority:NED,North East Derbyshire District Council,authoritative,33
conservation-area,local-authority:NEL,North East Lincolnshire Council,some,17
conservation-area,local-authority:NET,Newcastle City Council,authoritative,12
conservation-area,local-authority:NEW,New Forest District Council,authoritative,23
conservation-area,local-authority:NGM,Nottingham City Council,some,31
conservation-area,local-authority:NHE,North Hertfordshire District Council,some,44
conservation-area,local-authority:NKE,North Kesteven District Council,some,38
conservation-area,local-authority:NLN,North Lincolnshire Council,authoritative,17
conservation-area,local-authority:NNO,North Norfolk District Council,authoritative,91
conservation-area,local-authority:NNUA,North Northamptonshire Council,some,82
conservation-area,local-authority:NOW,Norwich City Council,authoritative,17
conservation-area,local-authority:NSM,North Somerset Council,authoritative,39
conservation-area,local-authority:NTY,North Tyneside Council,authoritative,17
conservation-area,local-authority:NUN,Nuneaton and Bedworth Borough Council,some,4
conservation-area,local-authority:NWA,North Warwickshire Borough Council,authoritative,11
conservation-area,local-authority:NWL,North West Leicestershire District Council,some,26
conservation-area,local-authority:NWM,London Borough of Newham,some,8
conservation-area,local-authority:NYUA,North Yorkshire Council,some,248
conservation-area,local-authority:OAD,Oadby and Wigston Borough Council,some,10
conservation-area,local-authority:OLD,Oldham Metropolitan Borough Council,authoritative,33
conservation-area,local-authority:OXO,Oxford City Council,authoritative,18
conservation-area,local-authority:PEN,Pendle Borough Council,some,23
conservation-area,local-authority:PLY,Plymouth City Council,authoritative,15
conservation-area,local-authority:POR,Portsmouth City Council,some,25
conservation-area,local-authority:PRE,Preston City Council,some,11
conservation-area,local-authority:PTE,Peterborough City Council,authoritative,30
conservation-area,local-authority:RCC,Redcar and Cleveland Borough Council,some,17
conservation-area,local-authority:RCH,Rochdale Metropolitan Borough Council,authoritative,30
conservation-area,local-authority:RDB,London Borough of Redbridge,some,19
conservation-area,local-authority:RDG,Reading Borough Council,some,15
conservation-area,local-authority:RED,Redditch Borough Council,some,2
conservation-area,local-authority:REI,Reigate and Banstead Borough Council,some,21
conservation-area,local-authority:RIB,Ribble Valley Borough Council,some,22
conservation-area,local-authority:RIC,London Borough of Richmond upon Thames,some,85
conservation-area,local-authority:ROC,Rochford District Council,authoritative,10
conservation-area,local-authority:ROH,Rother District Council,authoritative,10
conservation-area,local-authority:ROS,Rossendale Borough Council,authoritative,10
conservation-area,local-authority:ROT,Rotherham Metropolitan Borough Council,some,28
conservation-area,local-authority:RUG,Rugby Borough Council,some,19
conservation-area,local-authority:RUH,Rushmoor Borough Council,some,8
conservation-area,local-authority:RUN,Runnymede Borough Council,some,8
conservation-area,local-authority:RUS,Rushcliffe Borough Council,some,32
conservation-area,local-authority:RUT,Rutland County Council,some,34
conservation-area,local-authority:SAL,St Albans City and District Council,authoritative,45
conservation-area,local-authority:SAW,Sandwell Metropolitan Borough Council,authoritative,9
conservation-area,local-authority:SCA,South Cambridgeshire District Council,authoritative,85
conservation-area,local-authority:SDE,South Derbyshire District Council,some,22
conservation-area,local-authority:SEV,Sevenoaks District Council,some,41
conservation-area,local-authority:SFT,Sefton Metropolitan Borough Council,authoritative,25
conservation-area,local-authority:SGC,South Gloucestershire Council,authoritative,30
conservation-area,local-authority:SHA,South Hams District Council,some,47
conservation-area,local-authority:SHE,Folkestone and Hythe Council,some,21
conservation-area,local-authority:SHF,Sheffield City Council,some,33
conservation-area,local-authority:SHN,St Helens Council,authoritative,14
conservation-area,local-authority:SHO,South Holland District Council,some,13
conservation-area,local-authority:SHR,Shropshire Council,some,122
conservation-area,local-authority:SKE,South Kesteven District Council,some,48
conservation-area,local-authority:SKP,Stockport Metropolitan Borough Council,authoritative,37
conservation-area,local-authority:SLF,Salford City Council,authoritative,16
conservation-area,local-authority:SLG,Slough Borough Council,some,5
conservation-area,local-authority:SND,Sunderland City Council,some,14
conservation-area,local-authority:SNO,South Norfolk District Council,authoritative,84
conservation-area,local-authority:SOL,Solihull Metropolitan Borough Council,some,20
conservation-area,local-authority:SOS,Southend-on-Sea Borough Council,authoritative,19
conservation-area,local-authority:SOX,South Oxfordshire District Council,authoritative,71
conservation-area,local-authority:SPE,Spelthorne Borough Council,authoritative,8
conservation-area,local-authority:SRI,South Ribble Borough Council,some,8
conservation-area,local-authority:SST,South Staffordshire Council,authoritative,19
conservation-area,local-authority:STA,Stafford Borough Council,authoritative,31
conservation-area,local-authority:STE,Stoke-on-Trent City Council,authoritative,22
conservation-area,local-authority:STF,Staffordshire Moorlands District Council,some,17
conservation-area,local-authority:STH,Southampton City Council,authoritative,23
conservation-area,local-authority:STN,London Borough of Sutton,some,15
conservation-area,local-authority:STO,Stroud District Council,some,41
conservation-area,local-authority:STR,Stratford-on-Avon District Council,some,76
conservation-area,local-authority:STT,Stockton-on-Tees Borough Council,some,11
conservation-area,local-authority:STV,Stevenage Borough Council,authoritative,7
conservation-area,local-authority:STY,South Tyneside Council,some,11
conservation-area,local-authority:SUA,Somerset Council,some,178
conservation-area,local-authority:SUR,Surrey Heath Borough Council,authoritative,11
conservation-area,local-authority:SWD,Swindon Borough Council,some,28
conservation-area,local-authority:SWK,London Borough of Southwark,authoritative,56
conservation-area,local-authority:SWL,Swale Borough Council,authoritative,52
conservation-area,local-authority:TAM,Tameside Metropolitan Borough Council,some,9
conservation-area,local-authority:TAN,Tandridge District Council,authoritative,19
conservation-area,local-authority:TAW,Tamworth Borough Council,some,7
conservation-area,local-authority:TEI,Teignbridge District Council,some,35
conservation-area,local-authority:TEN,Tendring District Council,some,20
conservation-area,local-authority:TES,Test Valley Borough Council,some,36
conservation-area,local-authority:TEW,Tewkesbury Borough Council,authoritative,14
conservation-area,local-authority:TFW,Telford & Wrekin Council,some,8
conservation-area,local-authority:THA,Thanet District Council,authoritative,27
conservation-area,local-authority:THE,Three Rivers District Council,some,19
conservation-area,local-authority:THR,Thurrock Council,some,7
conservation-area,local-authority:TOB,Torbay Council,authoritative,24
conservation-area,local-authority:TON,Tonbridge and Malling Borough Council,some,60
conservation-area,local-authority:TOR,Torridge District Council,some,20
conservation-area,local-authority:TRF,Trafford Metropolitan Borough Council,authoritative,22
conservation-area,local-authority:TUN,Tunbridge Wells Borough Council,some,34
conservation-area,local-authority:TWH,London Borough of Tower Hamlets,authoritative,61
conservation-area,local-authority:UTT,Uttlesford District Council,authoritative,42
conservation-area,local-authority:VAL,Vale of White Horse District Council,authoritative,55
conservation-area,local-authority:WAE,Waverley Borough Council,authoritative,44
conservation-area,local-authority:WAT,Watford Borough Council,some,10
conservation-area,local-authority:WAW,Warwick District Council,some,23
conservation-area,local-authority:WBK,West Berkshire Council,authoritative,51
conservation-area,local-authority:WDE,West Devon Borough Council,some,24
conservation-area,local-authority:WEA,Wealden District Council,authoritative,33
conservation-area,local-authority:WEW,Welwyn Hatfield Borough Council,some,10
conservation-area,local-authority:WFT,London Borough of Waltham Forest,authoritative,15
conservation-area,local-authority:WFUA,Westmorland and Furness Council,some,40
conservation-area,local-authority:WGN,Wigan Metropolitan Borough Council,some,23
conservation-area,local-authority:WIL,Wiltshire Council,authoritative,245
conservation-area,local-authority:WIN,Winchester City Council,some,34
conservation-area,local-authority:WKF,Wakefield Metropolitan District Council,some,11
conservation-area,local-authority:WLA,West Lancashire Borough Council,some,28
conservation-area,local-authority:WLI,West Lindsey District Council,some,25
conservation-area,local-authority:WLL,Walsall Metropolitan Borough Council,some,18
conservation-area,local-authority:WLV,City of Wolverhampton Council,some,30
conservation-area,local-authority:WND,London Borough of Wandsworth,some,46
conservation-area,local-authority:WNUA,West Northamptonshire Council,some,118
conservation-area,local-authority:WOC,Worcester City Council,some,18
conservation-area,local-authority:WOI,Woking Borough Council,some,28
conservation-area,local-authority:WOK,Wokingham Borough Council,some,27
conservation-area,local-authority:WOT,Worthing Borough Council,authoritative,26
conservation-area,local-authority:WOX,West Oxfordshire District Council,authoritative,50
conservation-area,local-authority:WRL,Wirral Borough Council,authoritative,29
conservation-area,local-authority:WRT,Warrington Borough Council,some,16
conservation-area,local-authority:WSK,West Suffolk Council,some,48
conservation-area,local-authority:WSM,City of Westminster,authoritative,56
conservation-area,local-authority:WYC,Wychavon District Council,some,64
conservation-area,local-authority:WYE,Wyre Forest District Council,some,17
conservation-area,local-authority:WYR,Wyre Borough Council,some,8
conservation-area,local-authority:YOR,City of York Council,authoritative,35
conservation-area,national-park-authority:Q20198711,South Downs National Park Authority,some,129
conservation-area,national-park-authority:Q27159704,Lake District National Park Authority,authoritative,24
conservation-area,national-park-authority:Q27178932,Yorkshire Dales National Park Authority,some,46
conservation-area,national-park-authority:Q4972284,Broads Authority,some,2
conservation-area,national-park-authority:Q5225646,Dartmoor National Park Authority,authoritative,25
conservation-area,national-park-authority:Q72617158,New Forest National Park Authority,authoritative,26
conservation-area,national-park-authority:Q72617669,North York Moors National Park Authority,some,40
conservation-area,national-park-authority:Q72617784,Exmoor National Park Authority,some,17
conservation-area,national-park-authority:Q72617988,Peak District National Park Authority,authoritative,108
conservation-area-document,development-corporation:Q20648596,Old Oak and Park Royal Development Corporation,some,4
conservation-area-document,development-corporation:Q6670544,London Legacy Development Corporation,some,10
conservation-area-document,government-organisation:D1342,"Ministry of Housing, Communities & Local Government",some,72
conservation-area-document,local-authority:ADU,Adur District Council,authoritative,7
conservation-area-document,local-authority:AMB,Amber Valley Borough Council,some,57
conservation-area-document,local-authority:ARU,Arun District Council,some,32
conservation-area-document,local-authority:ASF,Ashford Borough Council,authoritative,44
conservation-area-document,local-authority:ASH,Ashfield District Council,some,44
conservation-area-document,local-authority:BAB,Babergh District Council,some,27
conservation-area-document,local-authority:BAE,Bassetlaw District Council,some,66
conservation-area-document,local-authority:BAN,Basingstoke and Deane Borough Council,some,85
conservation-area-document,local-authority:BAS,Bath and North East Somerset Council,some,24
conservation-area-document,local-authority:BBD,Blackburn with Darwen Borough Council,some,28
conservation-area-document,local-authority:BDF,Bedford Borough Council,some,58
conservation-area-document,local-authority:BDG,London Borough of Barking and Dagenham,authoritative,4
conservation-area-document,local-authority:BEN,London Borough of Brent,authoritative,22
conservation-area-document,local-authority:BEX,London Borough of Bexley,some,23
conservation-area-document,local-authority:BIR,Birmingham City Council,authoritative,42
conservation-area-document,local-authority:BLA,Blaby District Council,some,22
conservation-area-document,local-authority:BNE,London Borough of Barnet,authoritative,40
conservation-area-document,local-authority:BNH,Brighton and Hove City Council,some,68
conservation-area-document,local-authority:BNS,Barnsley Metropolitan Borough Council,some,36
conservation-area-document,local-authority:BOT,Boston Borough Council,some,22
conservation-area-document,local-authority:BPC,"Bournemouth, Christchurch and Poole Council",some,94
conservation-area-document,local-authority:BPL,Blackpool Borough Council,some,14
conservation-area-document,local-authority:BRA,Braintree District Council,some,38
conservation-area-document,local-authority:BRC,Bracknell Forest Council,some,12
conservation-area-document,local-authority:BRD,City of Bradford Metropolitan District Council,some,116
conservation-area-document,local-authority:BRE,Breckland District Council,some,88
conservation-area-document,local-authority:BRM,Bromsgrove District Council,some,13
conservation-area-document,local-authority:BRO,Broadland District Council,authoritative,32
conservation-area-document,local-authority:BRT,Broxtowe Borough Council,some,16
conservation-area-document,local-authority:BRW,Brentwood Borough Council,some,26
conservation-area-document,local-authority:BRX,Broxbourne Borough Council,some,7
conservation-area-document,local-authority:BRY,London Borough of Bromley,some,94
conservation-area-document,local-authority:BST,Bristol City Council,authoritative,34
conservation-area-document,local-authority:BUC,Buckinghamshire Council,some,256
conservation-area-document,local-authority:BUN,Burnley Borough Council,some,20
conservation-area-document,local-authority:BUR,Bury Metropolitan Borough Council,some,28
conservation-area-document,local-authority:CAB,Cambridge City Council,some,34
conservation-area-document,local-authority:CAN,Cannock Chase District Council,some,10
conservation-area-document,local-authority:CAS,Castle Point Borough Council,authoritative,2
conservation-area-document,local-authority:CBF,Central Bedfordshire Council,authoritative,61
conservation-area-document,local-authority:CHA,Charnwood Borough Council,some,76
conservation-area-document,local-authority:CHE,Cheshire East Council,some,152
conservation-area-document,local-authority:CHI,Chichester District Council,some,37
conservation-area-document,local-authority:CHL,Chelmsford City Council,some,40
conservation-area-document,local-authority:CHO,Chorley Borough Council,some,18
conservation-area-document,local-authority:CHR,Cherwell District Council,some,75
conservation-area-document,local-authority:CHS,Chesterfield Borough Council,some,24
conservation-area-document,local-authority:CHT,Cheltenham Borough Council,some,14
conservation-area-document,local-authority:CHW,Cheshire West and Chester Council,some,96
conservation-area-document,local-authority:CLD,Calderdale Metropolitan Borough Council,authoritative,21
conservation-area-document,local-authority:CMD,London Borough of Camden,authoritative,40
conservation-area-document,local-authority:COL,Colchester City Council,some,48
conservation-area-document,local-authority:CON,Cornwall Council,some,146
conservation-area-document,local-authority:COT,Cotswold District Council,authoritative,214
conservation-area-document,local-authority:COV,Coventry City Council,authoritative,13
conservation-area-document,local-authority:CRW,Crawley Borough Council,authoritative,22
conservation-area-document,local-authority:CUA,Cumberland Council,some,160
conservation-area-document,local-authority:DAL,Darlington Borough Council,some,34
conservation-area-document,local-authority:DAR,Dartford Borough Council,authoritative,6
conservation-area-document,local-authority:DEB,Derbyshire Dales District Council,some,66
conservation-area-document,local-authority:DER,Derby City Council,some,17
conservation-area-document,local-authority:DUD,Dudley Metropolitan Borough Council,some,44
conservation-area-document,local-authority:DUR,Durham County Council,some,126
conservation-area-document,local-authority:EAL,London Borough of Ealing,some,35
conservation-area-document,local-authority:EAS,Eastbourne Borough Council,some,24
conservation-area-document,local-authority:EAT,Eastleigh Borough Council,some,8
conservation-area-document,local-authority:ECA,East Cambridgeshire District Council,authoritative,45
conservation-area-document,local-authority:EDE,East Devon District Council,some,38
conservation-area-document,local-authority:EHA,East Hampshire District Council,authoritative,56
conservation-area-document,local-authority:ELI,East Lindsey District Council,some,34
conservation-area-document,local-authority:ELM,Elmbridge Borough Council,some,49
conservation-area-document,local-authority:ENF,London Borough of Enfield,some,22
conservation-area-document,local-authority:EPP,Epping Forest District Council,some,50
conservation-area-document,local-authority:ERE,Erewash Borough Council,some,39
conservation-area-document,local-authority:ERY,East Riding of Yorkshire Council,authoritative,123
conservation-area-document,local-authority:ESK,East Suffolk Council,some,50
conservation-area-document,local-authority:EST,East Staffordshire Borough Council,some,25
conservation-area-document,local-authority:EXE,Exeter City Council,authoritative,20
conservation-area-document,local-authority:FAR,Fareham Borough Council,some,26
conservation-area-document,local-authority:FEN,Fenland District Council,authoritative,8
conservation-area-document,local-authority:FOE,Forest of Dean District Council,authoritative,43
conservation-area-document,local-authority:FYL,Fylde Borough Council,some,20
conservation-area-document,local-authority:GED,Gedling Borough Council,some,7
conservation-area-document,local-authority:GOS,Gosport Borough Council,some,35
conservation-area-document,local-authority:GRA,Gravesham Borough Council,some,46
conservation-area-document,local-authority:GRE,Royal Borough of Greenwich,some,46
conservation-area-document,local-authority:GRT,Guildford Borough Council,some,49
conservation-area-document,local-authority:HAA,Havant Borough Council,authoritative,15
conservation-area-document,local-authority:HAL,Halton Borough Council,authoritative,5
conservation-area-document,local-authority:HAO,Harborough District Council,some,124
conservation-area-document,local-authority:HAR,Harlow District Council,authoritative,10
conservation-area-document,local-authority:HAS,Hastings Borough Council,some,36
conservation-area-document,local-authority:HAT,Hart District Council,authoritative,78
conservation-area-document,local-authority:HAV,London Borough of Havering,some,18
conservation-area-document,local-authority:HEF,Herefordshire Council,some,127
conservation-area-document,local-authority:HER,Hertsmere Borough Council,some,28
conservation-area-document,local-authority:HIG,High Peak Borough Council,some,62
conservation-area-document,local-authority:HIL,London Borough of Hillingdon,authoritative,33
conservation-area-document,local-authority:HIN,Hinckley and Bosworth Borough Council,some,49
conservation-area-document,local-authority:HMF,London Borough of Hammersmith & Fulham,some,85
conservation-area-document,local-authority:HPL,Hartlepool Borough Council,some,16
conservation-area-document,local-authority:HRW,London Borough of Harrow,some,57
conservation-area-document,local-authority:HRY,London Borough of Haringey,authoritative,28
conservation-area-document,local-authority:HUN,Huntingdonshire District Council,some,93
conservation-area-document,local-authority:HYN,Hyndburn Borough Council,some,20
conservation-area-document,local-authority:IOS,Council of the Isles of Scilly,authoritative,1
conservation-area-document,local-authority:IOW,Isle of Wight Council,some,96
conservation-area-document,local-authority:IPS,Ipswich Borough Council,authoritative,30
conservation-area-document,local-authority:ISL,London Borough of Islington,some,41
conservation-area-document,local-authority:KEC,Royal Borough of Kensington and Chelsea,some,71
conservation-area-document,local-authority:KHL,Hull City Council,authoritative,26
conservation-area-document,local-authority:KIN,Borough Council of King's Lynn and West Norfolk,some,47
conservation-area-document,local-authority:KIR,Kirklees Council,some,118
conservation-area-document,local-authority:KWL,Knowsley Metropolitan Borough Council,some,15
conservation-area-document,local-authority:LAC,Lancaster City Council,some,63
conservation-area-document,local-authority:LCE,Leicester City Council,authoritative,33
conservation-area-document,local-authority:LDS,Leeds City Council,some,158
conservation-area-document,local-authority:LEE,Lewes District Council,some,43
conservation-area-document,local-authority:LEW,London Borough of Lewisham,authoritative,29
conservation-area-document,local-authority:LIC,City of Lincoln Council,some,22
conservation-area-document,local-authority:LIF,Lichfield District Council,some,40
conservation-area-document,local-authority:LUT,Luton Borough Council,some,10
conservation-area-document,local-authority:MAI,Maidstone Borough Council,authoritative,53
conservation-area-document,local-authority:MAL,Maldon District Council,some,30
conservation-area-document,local-authority:MAN,Manchester City Council,some,64
conservation-area-document,local-authority:MAS,Mansfield District Council,some,11
conservation-area-document,local-authority:MAV,Malvern Hills District Council,some,42
conservation-area-document,local-authority:MDB,Middlesbrough Borough Council,some,16
conservation-area-document,local-authority:MDE,Mid Devon District Council,some,102
conservation-area-document,local-authority:MEL,Melton Borough Council,some,86
conservation-area-document,local-authority:MOL,Mole Valley District Council,some,30
conservation-area-document,local-authority:MRT,London Borough of Merton,some,56
conservation-area-document,local-authority:MSS,Mid Sussex District Council,some,36
conservation-area-document,local-authority:MSU,Mid Suffolk District Council,some,31
conservation-area-document,local-authority:NBL,Northumberland County Council,authoritative,250
conservation-area-document,local-authority:NDE,North Devon District Council,some,81
conservation-area-document,local-authority:NEA,Newark and Sherwood District Council,some,94
conservation-area-document,local-authority:NEC,Newcastle-under-Lyme Borough Council,some,42
conservation-area-document,local-authority:NEL,North East Lincolnshire Council,some,30
conservation-area-document,local-authority:NEW,New Forest District Council,authoritative,157
conservation-area-document,local-authority:NGM,Nottingham City Council,some,97
conservation-area-document,local-authority:NHE,North Hertfordshire District Council,some,85
conservation-area-document,local-authority:NKE,North Kesteven District Council,some,74
conservation-area-document,local-authority:NLN,North Lincolnshire Council,authoritative,17
conservation-area-document,local-authority:NNO,North Norfolk District Council,authoritative,161
conservation-area-document,local-authority:NOW,Norwich City Council,some,18
conservation-area-document,local-authority:NTY,North Tyneside Council,authoritative,25
conservation-area-document,local-authority:NUN,Nuneaton and Bedworth Borough Council,some,5
conservation-area-document,local-authority:NWA,North Warwickshire Borough Council,authoritative,22
conservation-area-document,local-authority:NWL,North West Leicestershire District Council,some,52
conservation-area-document,local-authority:NWM,London Borough of Newham,some,18
conservation-area-document,local-authority:NYUA,North Yorkshire Council,some,323
conservation-area-document,local-authority:OAD,Oadby and Wigston Borough Council,some,18
conservation-area-document,local-authority:OLD,Oldham Metropolitan Borough Council,some,36
conservation-area-document,local-authority:OXO,Oxford City Council,authoritative,18
conservation-area-document,local-authority:PEN,Pendle Borough Council,some,22
conservation-area-document,local-authority:PLY,Plymouth City Council,authoritative,15
conservation-area-document,local-authority:POR,Portsmouth City Council,some,50
conservation-area-document,local-authority:PRE,Preston City Council,some,19
conservation-area-document,local-authority:PTE,Peterborough City Council,authoritative,56
conservation-area-document,local-authority:RCC,Redcar and Cleveland Borough Council,some,17
conservation-area-document,local-authority:RCH,Rochdale Metropolitan Borough Council,authoritative,29
conservation-area-document,local-authority:RDB,London Borough of Redbridge,some,32
conservation-area-document,local-authority:RDG,Reading Borough Council,some,15
conservation-area-document,local-authority:RED,Redditch Borough Council,some,2
conservation-area-document,local-authority:REI,Reigate and Banstead Borough Council,some,21
conservation-area-document,local-authority:RIB,Ribble Valley Borough Council,some,44
conservation-area-document,local-authority:RIC,London Borough of Richmond upon Thames,some,124
conservation-area-document,local-authority:ROC,Rochford District Council,some,11
conservation-area-document,local-authority:ROH,Rother District Council,authoritative,16
conservation-area-document,local-authority:ROS,Rossendale Borough Council,authoritative,34
conservation-area-document,local-authority:ROT,Rotherham Metropolitan Borough Council,some,56
conservation-area-document,local-authority:RUG,Rugby Borough Council,some,19
conservation-area-document,local-authority:RUH,Rushmoor Borough Council,some,10
conservation-area-document,local-authority:RUN,Runnymede Borough Council,some,15
conservation-area-document,local-authority:RUS,Rushcliffe Borough Council,some,63
conservation-area-document,local-authority:RUT,Rutland County Council,some,68
conservation-area-document,local-authority:SAL,St Albans City and District Council,authoritative,45
conservation-area-document,local-authority:SAW,Sandwell Metropolitan Borough Council,authoritative,21
conservation-area-document,local-authority:SCA,South Cambridgeshire District Council,authoritative,84
conservation-area-document,local-authority:SDE,South Derbyshire District Council,some,22
conservation-area-document,local-authority:SEV,Sevenoaks District Council,some,74
conservation-area-document,local-authority:SFT,Sefton Metropolitan Borough Council,authoritative,74
conservation-area-document,local-authority:SGC,South Gloucestershire Council,authoritative,30
conservation-area-document,local-authority:SHA,South Hams District Council,some,94
conservation-area-document,local-authority:SHE,Folkestone and Hythe Council,some,42
conservation-area-document,local-authority:SHF,Sheffield City Council,some,69
conservation-area-document,local-authority:SHN,St Helens Council,some,13
conservation-area-document,local-authority:SHO,South Holland District Council,some,26
conservation-area-document,local-authority:SHR,Shropshire Council,some,202
conservation-area-document,local-authority:SKE,South Kesteven District Council,some,48
conservation-area-document,local-authority:SKP,Stockport Metropolitan Borough Council,authoritative,74
conservation-area-document,local-authority:SLF,Salford City Council,authoritative,23
conservation-area-document,local-authority:SLG,Slough Borough Council,some,5
conservation-area-document,local-authority:SND,Sunderland City Council,some,11
conservation-area-document,local-authority:SNO,South Norfolk District Council,authoritative,84
conservation-area-document,local-authority:SOL,Solihull Metropolitan Borough Council,some,40
conservation-area-document,local-authority:SOS,Southend-on-Sea Borough Council,some,21
conservation-area-document,local-authority:SOX,South Oxfordshire District Council,some,114
conservation-area-document,local-authority:SPE,Spelthorne Borough Council,authoritative,9
conservation-area-document,local-authority:SRI,South Ribble Borough Council,some,8
conservation-area-document,local-authority:SST,South Staffordshire Council,authoritative,19
conservation-area-document,local-authority:STA,Stafford Borough Council,authoritative,29
conservation-area-document,local-authority:STE,Stoke-on-Trent City Council,authoritative,22
conservation-area-document,local-authority:STF,Staffordshire Moorlands District Council,some,34
conservation-area-document,local-authority:STH,Southampton City Council,some,15
conservation-area-document,local-authority:STN,London Borough of Sutton,some,8
conservation-area-document,local-authority:STO,Stroud District Council,some,42
conservation-area-document,local-authority:STR,Stratford-on-Avon District Council,some,152
conservation-area-document,local-authority:STT,Stockton-on-Tees Borough Council,some,11
conservation-area-document,local-authority:STV,Stevenage Borough Council,some,7
conservation-area-document,local-authority:STY,South Tyneside Council,some,11
conservation-area-document,local-authority:SUA,Somerset Council,some,310
conservation-area-document,local-authority:SUR,Surrey Heath Borough Council,authoritative,11
conservation-area-document,local-authority:SWD,Swindon Borough Council,some,56
conservation-area-document,local-authority:SWL,Swale Borough Council,authoritative,52
conservation-area-document,local-authority:TAM,Tameside Metropolitan Borough Council,some,18
conservation-area-document,local-authority:TAN,Tandridge District Council,authoritative,19
conservation-area-document,local-authority:TAW,Tamworth Borough Council,some,14
conservation-area-document,local-authority:TEI,Teignbridge District Council,some,35
conservation-area-document,local-authority:TEN,Tendring District Council,authoritative,20
conservation-area-document,local-authority:TES,Test Valley Borough Council,some,53
conservation-area-document,local-authority:TFW,Telford & Wrekin Council,some,16
conservation-area-document,local-authority:THA,Thanet District Council,some,53
conservation-area-document,local-authority:THE,Three Rivers District Council,some,35
conservation-area-document,local-authority:THR,Thurrock Council,some,14
conservation-area-document,local-authority:TOB,Torbay Council,authoritative,51
conservation-area-document,local-authority:TON,Tonbridge and Malling Borough Council,some,60
conservation-area-document,local-authority:TOR,Torridge District Council,some,40
conservation-area-document,local-authority:TUN,Tunbridge Wells Borough Council,some,50
conservation-area-document,local-authority:TWH,London Borough of Tower Hamlets,authoritative,58
conservation-area-document,local-authority:UTT,Uttlesford District Council,authoritative,62
conservation-area-document,local-authority:VAL,Vale of White Horse District Council,some,95
conservation-area-document,local-authority:WAE,Waverley Borough Council,authoritative,42
conservation-area-document,local-authority:WAT,Watford Borough Council,some,10
conservation-area-document,local-authority:WAW,Warwick District Council,some,29
conservation-area-document,local-authority:WDE,West Devon Borough Council,some,48
conservation-area-document,local-authority:WEA,Wealden District Council,some,72
conservation-area-document,local-authority:WEW,Welwyn Hatfield Borough Council,some,10
conservation-area-document,local-authority:WFT,London Borough of Waltham Forest,authoritative,15
conservation-area-document,local-authority:WFUA,Westmorland and Furness Council,some,88
conservation-area-document,local-authority:WGN,Wigan Metropolitan Borough Council,some,23
conservation-area-document,local-authority:WIL,Wiltshire Council,authoritative,244
conservation-area-document,local-authority:WIN,Winchester City Council,some,35
conservation-area-document,local-authority:WKF,Wakefield Metropolitan District Council,some,11
conservation-area-document,local-authority:WLA,West Lancashire Borough Council,some,28
conservation-area-document,local-authority:WLI,West Lindsey District Council,some,25
conservation-area-document,local-authority:WLL,Walsall Metropolitan Borough Council,some,36
conservation-area-document,local-authority:WLV,City of Wolverhampton Council,some,31
conservation-area-document,local-authority:WND,London Borough of Wandsworth,some,90
conservation-area-document,local-authority:WNM,Royal Borough of Windsor and Maidenhead,some,52
conservation-area-document,local-authority:WNUA,West Northamptonshire Council,some,233
conservation-area-document,local-authority:WOC,Worcester City Council,some,36
conservation-area-document,local-authority:WOI,Woking Borough Council,some,54
conservation-area-document,local-authority:WOK,Wokingham Borough Council,some,54
conservation-area-document,local-authority:WOT,Worthing Borough Council,authoritative,27
conservation-area-document,local-authority:WOX,West Oxfordshire District Council,authoritative,94
conservation-area-document,local-authority:WRL,Wirral Borough Council,authoritative,150
conservation-area-document,local-authority:WRT,Warrington Borough Council,some,16
conservation-area-document,local-authority:WSK,West Suffolk Council,some,96
conservation-area-document,local-authority:WSM,City of Westminster,authoritative,56
conservation-area-document,local-authority:WYC,Wychavon District Council,some,113
conservation-area-document,local-authority:WYE,Wyre Forest District Council,some,29
conservation-area-document,local-authority:WYR,Wyre Borough Council,some,14
conservation-area-document,national-park-authority:Q20198711,South Downs National Park Authority,some,17
conservation-area-document,national-park-authority:Q27159704,Lake District National Park Authority,authoritative,23
conservation-area-document,national-park-authority:Q27178932,Yorkshire Dales National Park Authority,some,37
conservation-area-document,national-park-authority:Q4972284,Broads Authority,some,50
conservation-area-document,national-park-authority:Q5225646,Dartmoor National Park Authority,some,50
conservation-area-document,national-park-authority:Q72617158,New Forest National Park Authority,authoritative,133
conservation-area-document,national-park-authority:Q72617669,North York Moors National Park Authority,some,17
conservation-area-document,national-park-authority:Q72617784,Exmoor National Park Authority,some,34
conservation-area-document,national-park-authority:Q72617988,Peak District National Park Authority,some,218
design-code,local-authority:BEN,London Borough of Brent,some,1
design-code,local-authority:BUC,Buckinghamshire Council,authoritative,1
design-code,local-authority:DAC,Dacorum Borough Council,authoritative,2
design-code,local-authority:DUD,Dudley Metropolitan Borough Council,some,1
design-code,local-authority:ERY,East Riding of Yorkshire Council,some,1
design-code,local-authority:ESS,Essex County Council,some,1
design-code,local-authority:GRT,Guildford Borough Council,authoritative,1
design-code,local-authority:HEF,Herefordshire Council,authoritative,1
design-code,local-authority:HYN,Hyndburn Borough Council,authoritative,1
design-code,local-authority:LAN,Lancashire County Council,some,1
design-code,local-authority:MAS,Mansfield District Council,some,1
design-code,local-authority:MDW,Medway Council,some,1
design-code,local-authority:NUN,Nuneaton and Bedworth Borough Council,authoritative,1
design-code,local-authority:NWL,North West Leicestershire District Council,authoritative,1
design-code,local-authority:POR,Portsmouth City Council,authoritative,2
design-code,local-authority:REI,Reigate and Banstead Borough Council,some,1
design-code,local-authority:SRY,Surrey County Council,some,1
design-code,local-authority:SWK,London Borough of Southwark,authoritative,1
design-code,local-authority:TRF,Trafford Metropolitan Borough Council,some,1
design-code-area,local-authority:BUC,Buckinghamshire Council,authoritative,1
design-code-area,local-authority:GRT,Guildford Borough Council,authoritative,1
design-code-area,local-authority:HYN,Hyndburn Borough Council,authoritative,1
design-code-area,local-authority:NUN,Nuneaton and Bedworth Borough Council,authoritative,2
design-code-area,local-authority:NWL,North West Leicestershire District Council,authoritative,1
design-code-area,local-authority:POR,Portsmouth City Council,authoritative,5
design-code-area-type,government-organisation:D1342,"Ministry of Housing, Communities & Local Government",authoritative,10
design-code-characteristic,government-organisation:D1342,"Ministry of Housing, Communities & Local Government",authoritative,11
design-code-rule,local-authority:DUD,Dudley Metropolitan Borough Council,some,140
design-code-rule,local-authority:ESS,Essex County Council,some,594
design-code-rule,local-authority:SRY,Surrey County Council,some,86
design-code-rule,local-authority:TRF,Trafford Metropolitan Borough Council,some,179
developer-agreement,local-authority:ADU,Adur District Council,authoritative,8
developer-agreement,local-authority:AMB,Amber Valley Borough Council,authoritative,14
developer-agreement,local-authority:ARU,Arun District Council,authoritative,1559
developer-agreement,local-authority:ASF,Ashford Borough Council,authoritative,22
developer-agreement,local-authority:ASH,Ashfield District Council,authoritative,60
developer-agreement,local-authority:BAE,Bassetlaw District Council,authoritative,621
developer-agreement,local-authority:BLA,Blaby District Council,authoritative,18
developer-agreement,local-authority:BNH,Brighton and Hove City Council,authoritative,86
developer-agreement,local-authority:BOL,Bolton Metropolitan Borough Council,authoritative,139
developer-agreement,local-authority:BOT,Boston Borough Council,authoritative,11
developer-agreement,local-authority:BRA,Braintree District Council,authoritative,47
developer-agreement,local-authority:BRE,Breckland District Council,authoritative,367
developer-agreement,local-authority:BRM,Bromsgrove District Council,some,3
developer-agreement,local-authority:BRX,Broxbourne Borough Council,authoritative,290
developer-agreement,local-authority:CHA,Charnwood Borough Council,authoritative,68
developer-agreement,local-authority:CHR,Cherwell District Council,authoritative,12
developer-agreement,local-authority:CHT,Cheltenham Borough Council,authoritative,283
developer-agreement,local-authority:CMA,Cumbria County Council,authoritative,15
developer-agreement,local-authority:COL,Colchester City Council,authoritative,24
developer-agreement,local-authority:COV,Coventry City Council,authoritative,203
developer-agreement,local-authority:CUA,Cumberland Council,some,69
developer-agreement,local-authority:DOV,Dover District Council,authoritative,99
developer-agreement,local-authority:ECA,East Cambridgeshire District Council,authoritative,198
developer-agreement,local-authority:EHA,East Hampshire District Council,authoritative,1756
developer-agreement,local-authority:EHE,East Hertfordshire District Council,authoritative,15
developer-agreement,local-authority:EPS,Epsom and Ewell Borough Council,authoritative,29
developer-agreement,local-authority:ERE,Erewash Borough Council,authoritative,21
developer-agreement,local-authority:ERY,East Riding of Yorkshire Council,authoritative,182
developer-agreement,local-authority:EST,East Staffordshire Borough Council,authoritative,7
developer-agreement,local-authority:EXE,Exeter City Council,authoritative,30
developer-agreement,local-authority:GAT,Gateshead Metropolitan Borough Council,authoritative,15
developer-agreement,local-authority:GLO,Gloucester City Council,authoritative,139
developer-agreement,local-authority:GOS,Gosport Borough Council,authoritative,38
developer-agreement,local-authority:GRE,Royal Borough of Greenwich,authoritative,370
developer-agreement,local-authority:HAA,Havant Borough Council,authoritative,601
developer-agreement,local-authority:HAL,Halton Borough Council,authoritative,124
developer-agreement,local-authority:HAO,Harborough District Council,authoritative,36
developer-agreement,local-authority:HAT,Hart District Council,authoritative,6
developer-agreement,local-authority:HRT,Hertfordshire County Council,authoritative,42
developer-agreement,local-authority:IOW,Isle of Wight Council,authoritative,252
developer-agreement,local-authority:ISL,London Borough of Islington,authoritative,87
developer-agreement,local-authority:MAV,Malvern Hills District Council,some,3
developer-agreement,local-authority:NEA,Newark and Sherwood District Council,authoritative,58
developer-agreement,local-authority:NFK,Norfolk County Council,authoritative,90
developer-agreement,local-authority:NHE,North Hertfordshire District Council,authoritative,8
developer-agreement,local-authority:NLN,North Lincolnshire Council,authoritative,174
developer-agreement,local-authority:NTY,North Tyneside Council,authoritative,123
developer-agreement,local-authority:SHA,South Hams District Council,authoritative,61
developer-agreement,local-authority:SLF,Salford City Council,authoritative,75
developer-agreement,local-authority:SND,Sunderland City Council,authoritative,234
developer-agreement,local-authority:STO,Stroud District Council,authoritative,1423
developer-agreement,local-authority:TEW,Tewkesbury Borough Council,authoritative,77
developer-agreement,local-authority:TOB,Torbay Council,authoritative,1589
developer-agreement,local-authority:TON,Tonbridge and Malling Borough Council,authoritative,173
developer-agreement,local-authority:TUN,Tunbridge Wells Borough Council,authoritative,37
developer-agreement,local-authority:WDE,West Devon Borough Council,authoritative,32
developer-agreement,local-authority:WFUA,Westmorland and Furness Council,some,93
developer-agreement,local-authority:WIL,Wiltshire Council,authoritative,254
developer-agreement,local-authority:WNUA,West Northamptonshire Council,some,4
developer-agreement,local-authority:WOT,Worthing Borough Council,authoritative,52
developer-agreement,local-authority:WYC,Wychavon District Council,some,5
developer-agreement,local-authority:WYE,Wyre Forest District Council,some,2
developer-agreement,national-park-authority:Q20198711,South Downs National Park Authority,authoritative,80
developer-agreement,national-park-authority:Q27178932,Yorkshire Dales National Park Authority,authoritative,14
developer-agreement,national-park-authority:Q4972284,Broads Authority,authoritative,1
developer-agreement,national-park-authority:Q72617158,New Forest National Park Authority,authoritative,133
developer-agreement,national-park-authority:Q72617669,North York Moors National Park Authority,authoritative,14
developer-agreement-contribution,local-authority:ADU,Adur District Council,authoritative,22
developer-agreement-contribution,local-authority:AMB,Amber Valley Borough Council,authoritative,63
developer-agreement-contribution,local-authority:ARU,Arun District Council,authoritative,2491
developer-agreement-contribution,local-authority:ASF,Ashford Borough Council,authoritative,224
developer-agreement-contribution,local-authority:ASH,Ashfield District Council,authoritative,298
developer-agreement-contribution,local-authority:BAE,Bassetlaw District Council,authoritative,620
developer-agreement-contribution,local-authority:BLA,Blaby District Council,authoritative,163
developer-agreement-contribution,local-authority:BNH,Brighton and Hove City Council,authoritative,139
developer-agreement-contribution,local-authority:BOL,Bolton Metropolitan Borough Council,authoritative,162
developer-agreement-contribution,local-authority:BOT,Boston Borough Council,authoritative,10
developer-agreement-contribution,local-authority:BRA,Braintree District Council,authoritative,69
developer-agreement-contribution,local-authority:BRE,Breckland District Council,authoritative,762
developer-agreement-contribution,local-authority:BRX,Broxbourne Borough Council,authoritative,58
developer-agreement-contribution,local-authority:CHA,Charnwood Borough Council,authoritative,144
developer-agreement-contribution,local-authority:CHR,Cherwell District Council,authoritative,118
developer-agreement-contribution,local-authority:CHT,Cheltenham Borough Council,authoritative,825
developer-agreement-contribution,local-authority:CMA,Cumbria County Council,authoritative,32
developer-agreement-contribution,local-authority:COL,Colchester City Council,authoritative,17
developer-agreement-contribution,local-authority:COV,Coventry City Council,authoritative,61
developer-agreement-contribution,local-authority:CUA,Cumberland Council,some,69
developer-agreement-contribution,local-authority:DOV,Dover District Council,authoritative,597
developer-agreement-contribution,local-authority:ECA,East Cambridgeshire District Council,authoritative,565
developer-agreement-contribution,local-authority:EHA,East Hampshire District Council,authoritative,7666
developer-agreement-contribution,local-authority:EHE,East Hertfordshire District Council,authoritative,57
developer-agreement-contribution,local-authority:EPS,Epsom and Ewell Borough Council,authoritative,131
developer-agreement-contribution,local-authority:ERE,Erewash Borough Council,authoritative,102
developer-agreement-contribution,local-authority:ERY,East Riding of Yorkshire Council,authoritative,519
developer-agreement-contribution,local-authority:EST,East Staffordshire Borough Council,authoritative,6
developer-agreement-contribution,local-authority:EXE,Exeter City Council,authoritative,117
developer-agreement-contribution,local-authority:GAT,Gateshead Metropolitan Borough Council,authoritative,40
developer-agreement-contribution,local-authority:GLO,Gloucester City Council,authoritative,262
developer-agreement-contribution,local-authority:GOS,Gosport Borough Council,authoritative,103
developer-agreement-contribution,local-authority:GRE,Royal Borough of Greenwich,authoritative,1398
developer-agreement-contribution,local-authority:HAA,Havant Borough Council,authoritative,2359
developer-agreement-contribution,local-authority:HAL,Halton Borough Council,authoritative,194
developer-agreement-contribution,local-authority:HAO,Harborough District Council,authoritative,51
developer-agreement-contribution,local-authority:HAT,Hart District Council,authoritative,17
developer-agreement-contribution,local-authority:HRT,Hertfordshire County Council,authoritative,42
developer-agreement-contribution,local-authority:IOW,Isle of Wight Council,authoritative,404
developer-agreement-contribution,local-authority:ISL,London Borough of Islington,authoritative,312
developer-agreement-contribution,local-authority:NEA,Newark and Sherwood District Council,authoritative,65
developer-agreement-contribution,local-authority:NEW,New Forest District Council,authoritative,205
developer-agreement-contribution,local-authority:NFK,Norfolk County Council,authoritative,80
developer-agreement-contribution,local-authority:NHE,North Hertfordshire District Council,authoritative,31
developer-agreement-contribution,local-authority:NLN,North Lincolnshire Council,authoritative,534
developer-agreement-contribution,local-authority:NTY,North Tyneside Council,authoritative,465
developer-agreement-contribution,local-authority:SGC,South Gloucestershire Council,authoritative,2112
developer-agreement-contribution,local-authority:SHA,South Hams District Council,authoritative,136
developer-agreement-contribution,local-authority:SLF,Salford City Council,authoritative,198
developer-agreement-contribution,local-authority:SND,Sunderland City Council,authoritative,1178
developer-agreement-contribution,local-authority:STO,Stroud District Council,authoritative,3373
developer-agreement-contribution,local-authority:TEW,Tewkesbury Borough Council,authoritative,135
developer-agreement-contribution,local-authority:TOB,Torbay Council,authoritative,7317
developer-agreement-contribution,local-authority:TON,Tonbridge and Malling Borough Council,authoritative,1270
developer-agreement-contribution,local-authority:TUN,Tunbridge Wells Borough Council,authoritative,163
developer-agreement-contribution,local-authority:WDE,West Devon Borough Council,authoritative,59
developer-agreement-contribution,local-authority:WFUA,Westmorland and Furness Council,some,107
developer-agreement-contribution,local-authority:WIL,Wiltshire Council,authoritative,130
developer-agreement-contribution,local-authority:WNUA,West Northamptonshire Council,some,26
developer-agreement-contribution,local-authority:WOC,Worcester City Council,authoritative,22
developer-agreement-contribution,local-authority:WOT,Worthing Borough Council,authoritative,64
developer-agreement-contribution,national-park-authority:Q20198711,South Downs National Park Authority,authoritative,200
developer-agreement-contribution,national-park-authority:Q27178932,Yorkshire Dales National Park Authority,authoritative,15
developer-agreement-contribution,national-park-authority:Q4972284,Broads Authority,authoritative,1
developer-agreement-contribution,national-park-authority:Q72617158,New Forest National Park Authority,authoritative,123
developer-agreement-contribution,national-park-authority:Q72617669,North York Moors National Park Authority,authoritative,27
developer-agreement-transaction,local-authority:ADU,Adur District Council,authoritative,9
developer-agreement-transaction,local-authority:AMB,Amber Valley Borough Council,authoritative,63
developer-agreement-transaction,local-authority:ARU,Arun District Council,authoritative,1372
developer-agreement-transaction,local-authority:ASF,Ashford Borough Council,authoritative,1087
developer-agreement-transaction,local-authority:ASH,Ashfield District Council,authoritative,298
developer-agreement-transaction,local-authority:BAE,Bassetlaw District Council,authoritative,519
developer-agreement-transaction,local-authority:BLA,Blaby District Council,authoritative,339
developer-agreement-transaction,local-authority:BNH,Brighton and Hove City Council,authoritative,101
developer-agreement-transaction,local-authority:BOL,Bolton Metropolitan Borough Council,authoritative,317
developer-agreement-transaction,local-authority:BOT,Boston Borough Council,authoritative,11
developer-agreement-transaction,local-authority:BRE,Breckland District Council,authoritative,500
developer-agreement-transaction,local-authority:BRX,Broxbourne Borough Council,authoritative,82
developer-agreement-transaction,local-authority:CHA,Charnwood Borough Council,authoritative,44
developer-agreement-transaction,local-authority:CHR,Cherwell District Council,authoritative,201
developer-agreement-transaction,local-authority:CHT,Cheltenham Borough Council,authoritative,444
developer-agreement-transaction,local-authority:CMA,Cumbria County Council,authoritative,135
developer-agreement-transaction,local-authority:COV,Coventry City Council,authoritative,132
developer-agreement-transaction,local-authority:CUA,Cumberland Council,some,44
developer-agreement-transaction,local-authority:DOV,Dover District Council,authoritative,433
developer-agreement-transaction,local-authority:ECA,East Cambridgeshire District Council,authoritative,361
developer-agreement-transaction,local-authority:EHA,East Hampshire District Council,authoritative,9763
developer-agreement-transaction,local-authority:EHE,East Hertfordshire District Council,authoritative,62
developer-agreement-transaction,local-authority:EPS,Epsom and Ewell Borough Council,authoritative,187
developer-agreement-transaction,local-authority:ERE,Erewash Borough Council,authoritative,89
developer-agreement-transaction,local-authority:EST,East Staffordshire Borough Council,authoritative,63
developer-agreement-transaction,local-authority:EXE,Exeter City Council,authoritative,35
developer-agreement-transaction,local-authority:GAT,Gateshead Metropolitan Borough Council,authoritative,50
developer-agreement-transaction,local-authority:GLO,Gloucester City Council,authoritative,473
developer-agreement-transaction,local-authority:GOS,Gosport Borough Council,authoritative,201
developer-agreement-transaction,local-authority:GRE,Royal Borough of Greenwich,authoritative,813
developer-agreement-transaction,local-authority:HAA,Havant Borough Council,authoritative,2041
developer-agreement-transaction,local-authority:HAL,Halton Borough Council,authoritative,525
developer-agreement-transaction,local-authority:HAT,Hart District Council,authoritative,127
developer-agreement-transaction,local-authority:HRT,Hertfordshire County Council,authoritative,627
developer-agreement-transaction,local-authority:IOW,Isle of Wight Council,authoritative,199
developer-agreement-transaction,local-authority:ISL,London Borough of Islington,authoritative,312
developer-agreement-transaction,local-authority:NEA,Newark and Sherwood District Council,authoritative,369
developer-agreement-transaction,local-authority:NEW,New Forest District Council,authoritative,216
developer-agreement-transaction,local-authority:NFK,Norfolk County Council,authoritative,259
developer-agreement-transaction,local-authority:NHE,North Hertfordshire District Council,authoritative,170
developer-agreement-transaction,local-authority:NLN,North Lincolnshire Council,authoritative,187
developer-agreement-transaction,local-authority:NTY,North Tyneside Council,authoritative,241
developer-agreement-transaction,local-authority:SGC,South Gloucestershire Council,authoritative,2552
developer-agreement-transaction,local-authority:SHA,South Hams District Council,authoritative,80
developer-agreement-transaction,local-authority:SLF,Salford City Council,authoritative,451
developer-agreement-transaction,local-authority:SND,Sunderland City Council,authoritative,2797
developer-agreement-transaction,local-authority:STO,Stroud District Council,authoritative,3591
developer-agreement-transaction,local-authority:TEW,Tewkesbury Borough Council,authoritative,279
developer-agreement-transaction,local-authority:TOB,Torbay Council,authoritative,14486
developer-agreement-transaction,local-authority:TON,Tonbridge and Malling Borough Council,authoritative,1144
developer-agreement-transaction,local-authority:TUN,Tunbridge Wells Borough Council,authoritative,105
developer-agreement-transaction,local-authority:WDE,West Devon Borough Council,authoritative,38
developer-agreement-transaction,local-authority:WFUA,Westmorland and Furness Council,some,203
developer-agreement-transaction,local-authority:WIL,Wiltshire Council,authoritative,113
developer-agreement-transaction,local-authority:WNUA,West Northamptonshire Council,some,69
developer-agreement-transaction,local-authority:WOC,Worcester City Council,authoritative,51
developer-agreement-transaction,local-authority:WOT,Worthing Borough Council,authoritative,60
developer-agreement-transaction,national-park-authority:Q20198711,South Downs National Park Authority,authoritative,211
developer-agreement-transaction,national-park-authority:Q27178932,Yorkshire Dales National Park Authority,authoritative,1
developer-agreement-transaction,national-park-authority:Q72617158,New Forest National Park Authority,authoritative,130
developer-agreement-transaction,national-park-authority:Q72617669,North York Moors National Park Authority,authoritative,29
development-corporation,development-corporation:Q105544651,Aycliffe and Peterlee Development Corporation,some,1
development-corporation,development-corporation:Q105544654,Basildon Development Corporation,some,1
development-corporation,development-corporation:Q105544669,Telford Development Corporation,some,1
development-corporation,development-corporation:Q115585981,Stockport Town Centre West Mayoral Development Corporation,some,1
development-corporation,development-corporation:Q117149370,Middlesbrough Development Corporation,some,1
development-corporation,development-corporation:Q124604981,Hartlepool Development Corporation,some,1
development-corporation,development-corporation:Q137717415,Oxford Street Development Corporation,some,1
development-corporation,development-corporation:Q20648596,Old Oak and Park Royal Development Corporation,some,1
development-corporation,development-corporation:Q3258953,London Docklands Development Corporation,some,1
development-corporation,development-corporation:Q3920908,Merseyside Development Development Corporation,some,1
development-corporation,development-corporation:Q4916714,Birmingham Heartlands Development Corporation,some,1
development-corporation,development-corporation:Q4968888,Bristol Development Corporation,some,1
development-corporation,development-corporation:Q5061392,Central Manchester Development Corporation,some,1
development-corporation,development-corporation:Q5182976,Crawley Development Corporation,some,1
development-corporation,development-corporation:Q6515953,Leeds Development Corporation,some,1
development-corporation,development-corporation:Q6670544,London Legacy Development Corporation,some,1
development-corporation,development-corporation:Q6670837,London Thames Gateway Development Corporation,some,1
development-corporation,development-corporation:Q6861239,Milton Keynes Development Development Corporation,some,1
development-corporation,development-corporation:Q7177999,Peterborough Development Development Corporation,some,1
development-corporation,development-corporation:Q7205796,Plymouth Development Development Corporation,some,1
development-corporation,development-corporation:Q72456968,South Tees Development Corporation,some,1
development-corporation,development-corporation:Q72463795,Ebbsfleet Development Corporation,some,1
development-corporation,development-corporation:Q7694573,Teesside Development Corporation,some,1
development-corporation,development-corporation:Q7799380,Thurrock Thames Gateway Development Corporation,some,1
development-corporation,development-corporation:Q7832579,Trafford Park Development Corporation,some,1
development-corporation,development-corporation:Q7860503,Tyne and Wear Development Corporation,some,1
development-corporation,development-corporation:Q7986087,West Northamptonshire Development Corporation,some,1
development-corporation,development-corporation:northern-gateway-MDC,Northern Gateway Development Corporation,some,1
development-corporation,development-corporation:old-trafford-MDC,Old Trafford Development Corporation,some,1
development-corporation,development-corporation:stockport-town-centre-MDC,Stockport Town Centre Development Corporation,some,1
development-corporation,government-organisation:D1342,"Ministry of Housing, Communities & Local Government",some,1
development-corporation-boundary,development-corporation:Q115585981,Stockport Town Centre West Mayoral Development Corporation,some,1
development-corporation-boundary,development-corporation:Q117149370,Middlesbrough Development Corporation,some,1
development-corporation-boundary,development-corporation:Q124604981,Hartlepool Development Corporation,some,1
development-corporation-boundary,development-corporation:Q20648596,Old Oak and Park Royal Development Corporation,some,1
development-corporation-boundary,development-corporation:Q6670544,London Legacy Development Corporation,some,1
development-corporation-boundary,development-corporation:Q72456968,South Tees Development Corporation,some,1
development-corporation-boundary,development-corporation:Q72463795,Ebbsfleet Development Corporation,some,1
development-corporation-boundary,local-authority:GLA,Greater London Authority,some,1
development-corporation-boundary,local-authority:GMCA,Greater Manchester Combined Authority,authoritative,4
development-corporation-boundary,local-authority:WMCA,West Midlands Combined Authority,some,1
development-plan-document,development-corporation:Q117149370,Middlesbrough Development Corporation,some,2
development-plan-document,development-corporation:Q124604981,Hartlepool Development Corporation,some,3
development-plan-document,development-corporation:Q20648596,Old Oak and Park Royal Development Corporation,some,6
development-plan-document,development-corporation:Q6670544,London Legacy Development Corporation,some,8
development-plan-document,development-corporation:Q72463795,Ebbsfleet Development Corporation,some,1
development-plan-document,government-organisation:D1342,"Ministry of Housing, Communities & Local Government",authoritative,5
development-plan-document,local-authority:ADU,Adur District Council,some,16
development-plan-document,local-authority:AMB,Amber Valley Borough Council,some,13
development-plan-document,local-authority:ARU,Arun District Council,some,8
development-plan-document,local-authority:ASF,Ashford Borough Council,some,13
development-plan-document,local-authority:ASH,Ashfield District Council,some,16
development-plan-document,local-authority:AYL,Aylesbury Vale District Council,some,6
development-plan-document,local-authority:BAB,Babergh District Council,some,1
development-plan-document,local-authority:BAE,Bassetlaw District Council,some,19
development-plan-document,local-authority:BAI,Basildon Borough Council,some,13
development-plan-document,local-authority:BAN,Basingstoke and Deane Borough Council,some,5
development-plan-document,local-authority:BAS,Bath and North East Somerset Council,some,8
development-plan-document,local-authority:BBD,Blackburn with Darwen Borough Council,some,10
development-plan-document,local-authority:BDF,Bedford Borough Council,some,11
development-plan-document,local-authority:BDG,London Borough of Barking and Dagenham,some,14
development-plan-document,local-authority:BEN,London Borough of Brent,some,10
development-plan-document,local-authority:BEX,London Borough of Bexley,some,6
development-plan-document,local-authority:BIR,Birmingham City Council,some,12
development-plan-document,local-authority:BLA,Blaby District Council,some,29
development-plan-document,local-authority:BNE,London Borough of Barnet,some,9
development-plan-document,local-authority:BNH,Brighton and Hove City Council,some,16
development-plan-document,local-authority:BNS,Barnsley Metropolitan Borough Council,some,11
development-plan-document,local-authority:BOL,Bolton Metropolitan Borough Council,some,8
development-plan-document,local-authority:BOS,Bolsover District Council,some,5
development-plan-document,local-authority:BOT,Boston Borough Council,some,2
development-plan-document,local-authority:BPC,"Bournemouth, Christchurch and Poole Council",some,7
development-plan-document,local-authority:BPL,Blackpool Borough Council,some,4
development-plan-document,local-authority:BRA,Braintree District Council,some,6
development-plan-document,local-authority:BRC,Bracknell Forest Council,some,13
development-plan-document,local-authority:BRD,City of Bradford Metropolitan District Council,some,2
development-plan-document,local-authority:BRE,Breckland District Council,some,11
development-plan-document,local-authority:BRM,Bromsgrove District Council,some,3
development-plan-document,local-authority:BRO,Broadland District Council,some,4
development-plan-document,local-authority:BRT,Broxtowe Borough Council,some,9
development-plan-document,local-authority:BRW,Brentwood Borough Council,some,9
development-plan-document,local-authority:BRX,Broxbourne Borough Council,some,10
development-plan-document,local-authority:BRY,London Borough of Bromley,some,4
development-plan-document,local-authority:BST,Bristol City Council,some,11
development-plan-document,local-authority:BUC,Buckinghamshire Council,some,7
development-plan-document,local-authority:BUN,Burnley Borough Council,some,6
development-plan-document,local-authority:BUR,Bury Metropolitan Borough Council,some,21
development-plan-document,local-authority:CAB,Cambridge City Council,some,10
development-plan-document,local-authority:CAN,Cannock Chase District Council,some,13
development-plan-document,local-authority:CAS,Castle Point Borough Council,some,33
development-plan-document,local-authority:CAT,Canterbury City Council,some,11
development-plan-document,local-authority:CBF,Central Bedfordshire Council,some,12
development-plan-document,local-authority:CHA,Charnwood Borough Council,some,6
development-plan-document,local-authority:CHE,Cheshire East Council,some,23
development-plan-document,local-authority:CHI,Chichester District Council,some,1
development-plan-document,local-authority:CHL,Chelmsford City Council,some,26
development-plan-document,local-authority:CHN,Chiltern District Council,some,1
development-plan-document,local-authority:CHO,Chorley Borough Council,some,7
development-plan-document,local-authority:CHR,Cherwell District Council,some,6
development-plan-document,local-authority:CHS,Chesterfield Borough Council,some,4
development-plan-document,local-authority:CHT,Cheltenham Borough Council,some,5
development-plan-document,local-authority:CHW,Cheshire West and Chester Council,some,3
development-plan-document,local-authority:CLD,Calderdale Metropolitan Borough Council,some,5
development-plan-document,local-authority:CMD,London Borough of Camden,some,4
development-plan-document,local-authority:COL,Colchester City Council,some,13
development-plan-document,local-authority:CON,Cornwall Council,some,8
development-plan-document,local-authority:COT,Cotswold District Council,some,19
development-plan-document,local-authority:COV,Coventry City Council,some,2
development-plan-document,local-authority:CRW,Crawley Borough Council,some,2
development-plan-document,local-authority:CRY,London Borough of Croydon,some,6
development-plan-document,local-authority:CUA,Cumberland Council,some,12
development-plan-document,local-authority:DAC,Dacorum Borough Council,some,2
development-plan-document,local-authority:DAL,Darlington Borough Council,some,51
development-plan-document,local-authority:DAR,Dartford Borough Council,some,7
development-plan-document,local-authority:DEB,Derbyshire Dales District Council,some,7
development-plan-document,local-authority:DER,Derby City Council,some,5
development-plan-document,local-authority:DNC,Doncaster Metropolitan Borough Council,some,10
development-plan-document,local-authority:DOV,Dover District Council,some,21
development-plan-document,local-authority:DST,Dorset Council,some,15
development-plan-document,local-authority:DUD,Dudley Metropolitan Borough Council,some,5
development-plan-document,local-authority:DUR,Durham County Council,some,21
development-plan-document,local-authority:EAL,London Borough of Ealing,some,5
development-plan-document,local-authority:EAS,Eastbourne Borough Council,some,9
development-plan-document,local-authority:EAT,Eastleigh Borough Council,some,1
development-plan-document,local-authority:ECA,East Cambridgeshire District Council,some,15
development-plan-document,local-authority:EDE,East Devon District Council,some,9
development-plan-document,local-authority:EHA,East Hampshire District Council,some,14
development-plan-document,local-authority:EHE,East Hertfordshire District Council,some,10
development-plan-document,local-authority:ELI,East Lindsey District Council,some,24
development-plan-document,local-authority:ELM,Elmbridge Borough Council,some,6
development-plan-document,local-authority:ENF,London Borough of Enfield,some,22
development-plan-document,local-authority:EPP,Epping Forest District Council,some,15
development-plan-document,local-authority:EPS,Epsom and Ewell Borough Council,some,16
development-plan-document,local-authority:ERE,Erewash Borough Council,some,7
development-plan-document,local-authority:ERY,East Riding of Yorkshire Council,some,1
development-plan-document,local-authority:ESK,East Suffolk Council,some,7
development-plan-document,local-authority:EST,East Staffordshire Borough Council,some,4
development-plan-document,local-authority:EXE,Exeter City Council,some,1
development-plan-document,local-authority:FAR,Fareham Borough Council,some,4
development-plan-document,local-authority:FEN,Fenland District Council,some,5
development-plan-document,local-authority:FOE,Forest of Dean District Council,some,10
development-plan-document,local-authority:FYL,Fylde Borough Council,some,22
development-plan-document,local-authority:GAT,Gateshead Metropolitan Borough Council,some,1
development-plan-document,local-authority:GED,Gedling Borough Council,some,1
development-plan-document,local-authority:GLO,Gloucester City Council,some,1
development-plan-document,local-authority:GOS,Gosport Borough Council,some,2
development-plan-document,local-authority:GRA,Gravesham Borough Council,some,4
development-plan-document,local-authority:GRE,Royal Borough of Greenwich,some,2
development-plan-document,local-authority:GRT,Guildford Borough Council,some,2
development-plan-document,local-authority:GRY,Great Yarmouth Borough Council,some,1
development-plan-document,local-authority:HAA,Havant Borough Council,some,18
development-plan-document,local-authority:HAL,Halton Borough Council,some,3
development-plan-document,local-authority:HAO,Harborough District Council,some,8
development-plan-document,local-authority:HAR,Harlow District Council,some,9
development-plan-document,local-authority:HAS,Hastings Borough Council,some,2
development-plan-document,local-authority:HAT,Hart District Council,some,6
development-plan-document,local-authority:HAV,London Borough of Havering,some,24
development-plan-document,local-authority:HCK,London Borough of Hackney,some,7
development-plan-document,local-authority:HEF,Herefordshire Council,some,11
development-plan-document,local-authority:HER,Hertsmere Borough Council,some,11
development-plan-document,local-authority:HIG,High Peak Borough Council,some,8
development-plan-document,local-authority:HIL,London Borough of Hillingdon,some,9
development-plan-document,local-authority:HIN,Hinckley and Bosworth Borough Council,some,6
development-plan-document,local-authority:HMF,London Borough of Hammersmith & Fulham,some,5
development-plan-document,local-authority:HNS,London Borough of Hounslow,some,13
development-plan-document,local-authority:HOR,Horsham District Council,some,2
development-plan-document,local-authority:HPL,Hartlepool Borough Council,some,3
development-plan-document,local-authority:HRW,London Borough of Harrow,some,10
development-plan-document,local-authority:HRY,London Borough of Haringey,some,7
development-plan-document,local-authority:HUN,Huntingdonshire District Council,some,6
development-plan-document,local-authority:HYN,Hyndburn Borough Council,some,5
development-plan-document,local-authority:IOS,Council of the Isles of Scilly,some,18
development-plan-document,local-authority:IOW,Isle of Wight Council,some,18
development-plan-document,local-authority:IPS,Ipswich Borough Council,some,4
development-plan-document,local-authority:ISL,London Borough of Islington,some,6
development-plan-document,local-authority:KEC,Royal Borough of Kensington and Chelsea,some,16
development-plan-document,local-authority:KHL,Hull City Council,some,9
development-plan-document,local-authority:KIN,Borough Council of King's Lynn and West Norfolk,some,14
development-plan-document,local-authority:KIR,Kirklees Council,some,8
development-plan-document,local-authority:KTT,Royal Borough of Kingston upon Thames,some,2
development-plan-document,local-authority:KWL,Knowsley Metropolitan Borough Council,some,6
development-plan-document,local-authority:LAC,Lancaster City Council,some,1
development-plan-document,local-authority:LBH,London Borough of Lambeth,some,8
development-plan-document,local-authority:LCE,Leicester City Council,some,2
development-plan-document,local-authority:LDS,Leeds City Council,some,7
development-plan-document,local-authority:LEE,Lewes District Council,some,14
development-plan-document,local-authority:LEW,London Borough of Lewisham,some,13
development-plan-document,local-authority:LIC,City of Lincoln Council,some,1
development-plan-document,local-authority:LIF,Lichfield District Council,some,9
development-plan-document,local-authority:LIN,Lincolnshire County Council,some,3
development-plan-document,local-authority:LIV,Liverpool City Council,some,17
development-plan-document,local-authority:LND,City of London Corporation,some,14
development-plan-document,local-authority:LUT,Luton Borough Council,some,11
development-plan-document,local-authority:MAI,Maidstone Borough Council,some,5
development-plan-document,local-authority:MAL,Maldon District Council,some,1
development-plan-document,local-authority:MAN,Manchester City Council,some,6
development-plan-document,local-authority:MAS,Mansfield District Council,some,13
development-plan-document,local-authority:MDB,Middlesbrough Borough Council,some,1
development-plan-document,local-authority:MDE,Mid Devon District Council,some,9
development-plan-document,local-authority:MDW,Medway Council,some,2
development-plan-document,local-authority:MEL,Melton Borough Council,some,4
development-plan-document,local-authority:MIK,Milton Keynes City Council,some,18
development-plan-document,local-authority:MOL,Mole Valley District Council,some,1
development-plan-document,local-authority:MRT,London Borough of Merton,some,9
development-plan-document,local-authority:MSS,Mid Sussex District Council,some,3
development-plan-document,local-authority:NBL,Northumberland County Council,some,3
development-plan-document,local-authority:NEA,Newark and Sherwood District Council,some,9
development-plan-document,local-authority:NED,North East Derbyshire District Council,some,4
development-plan-document,local-authority:NEL,North East Lincolnshire Council,some,12
development-plan-document,local-authority:NET,Newcastle City Council,some,5
development-plan-document,local-authority:NEW,New Forest District Council,some,6
development-plan-document,local-authority:NGM,Nottingham City Council,some,7
development-plan-document,local-authority:NHE,North Hertfordshire District Council,some,13
development-plan-document,local-authority:NKE,North Kesteven District Council,some,4
development-plan-document,local-authority:NLN,North Lincolnshire Council,some,26
development-plan-document,local-authority:NNO,North Norfolk District Council,some,8
development-plan-document,local-authority:NNUA,North Northamptonshire Council,some,2
development-plan-document,local-authority:NOW,Norwich City Council,some,13
development-plan-document,local-authority:NSM,North Somerset Council,some,2
development-plan-document,local-authority:NTY,North Tyneside Council,some,5
development-plan-document,local-authority:NUN,Nuneaton and Bedworth Borough Council,some,8
development-plan-document,local-authority:NWA,North Warwickshire Borough Council,some,16
development-plan-document,local-authority:NWL,North West Leicestershire District Council,some,10
development-plan-document,local-authority:NWM,London Borough of Newham,some,7
development-plan-document,local-authority:NYUA,North Yorkshire Council,some,11
development-plan-document,local-authority:OAD,Oadby and Wigston Borough Council,some,17
development-plan-document,local-authority:OLD,Oldham Metropolitan Borough Council,some,2
development-plan-document,local-authority:OXO,Oxford City Council,some,6
development-plan-document,local-authority:PEN,Pendle Borough Council,some,3
development-plan-document,local-authority:PLY,Plymouth City Council,some,7
development-plan-document,local-authority:POR,Portsmouth City Council,some,1
development-plan-document,local-authority:PRE,Preston City Council,some,3
development-plan-document,local-authority:PTE,Peterborough City Council,some,11
development-plan-document,local-authority:RCC,Redcar and Cleveland Borough Council,some,7
development-plan-document,local-authority:RCH,Rochdale Metropolitan Borough Council,some,2
development-plan-document,local-authority:RDB,London Borough of Redbridge,some,11
development-plan-document,local-authority:RDG,Reading Borough Council,some,6
development-plan-document,local-authority:RED,Redditch Borough Council,some,2
development-plan-document,local-authority:REI,Reigate and Banstead Borough Council,some,1
development-plan-document,local-authority:RIB,Ribble Valley Borough Council,some,7
development-plan-document,local-authority:RIC,London Borough of Richmond upon Thames,some,3
development-plan-document,local-authority:ROC,Rochford District Council,some,18
development-plan-document,local-authority:ROH,Rother District Council,some,3
development-plan-document,local-authority:ROS,Rossendale Borough Council,some,11
development-plan-document,local-authority:ROT,Rotherham Metropolitan Borough Council,some,2
development-plan-document,local-authority:RUG,Rugby Borough Council,some,15
development-plan-document,local-authority:RUH,Rushmoor Borough Council,some,17
development-plan-document,local-authority:RUN,Runnymede Borough Council,some,4
development-plan-document,local-authority:RUS,Rushcliffe Borough Council,some,3
development-plan-document,local-authority:RUT,Rutland County Council,some,8
development-plan-document,local-authority:SAL,St Albans City and District Council,some,11
development-plan-document,local-authority:SAW,Sandwell Metropolitan Borough Council,some,5
development-plan-document,local-authority:SBU,South Bucks District Council,some,1
development-plan-document,local-authority:SCA,South Cambridgeshire District Council,some,17
development-plan-document,local-authority:SDE,South Derbyshire District Council,some,19
development-plan-document,local-authority:SEV,Sevenoaks District Council,some,3
development-plan-document,local-authority:SFT,Sefton Metropolitan Borough Council,some,17
development-plan-document,local-authority:SGC,South Gloucestershire Council,some,11
development-plan-document,local-authority:SHE,Folkestone and Hythe Council,some,8
development-plan-document,local-authority:SHF,Sheffield City Council,some,4
development-plan-document,local-authority:SHN,St Helens Council,some,10
development-plan-document,local-authority:SHR,Shropshire Council,some,2
development-plan-document,local-authority:SKE,South Kesteven District Council,some,14
development-plan-document,local-authority:SKP,Stockport Metropolitan Borough Council,some,6
development-plan-document,local-authority:SLF,Salford City Council,some,10
development-plan-document,local-authority:SLG,Slough Borough Council,some,8
development-plan-document,local-authority:SND,Sunderland City Council,some,2
development-plan-document,local-authority:SNO,South Norfolk District Council,some,4
development-plan-document,local-authority:SOL,Solihull Metropolitan Borough Council,some,8
development-plan-document,local-authority:SOS,Southend-on-Sea Borough Council,some,11
development-plan-document,local-authority:SOX,South Oxfordshire District Council,some,6
development-plan-document,local-authority:SPE,Spelthorne Borough Council,some,12
development-plan-document,local-authority:SRI,South Ribble Borough Council,some,5
development-plan-document,local-authority:SST,South Staffordshire Council,some,7
development-plan-document,local-authority:STA,Stafford Borough Council,some,11
development-plan-document,local-authority:STE,Stoke-on-Trent City Council,some,2
development-plan-document,local-authority:STF,Staffordshire Moorlands District Council,some,11
development-plan-document,local-authority:STH,Southampton City Council,some,1
development-plan-document,local-authority:STN,London Borough of Sutton,some,6
development-plan-document,local-authority:STO,Stroud District Council,some,8
development-plan-document,local-authority:STR,Stratford-on-Avon District Council,some,12
development-plan-document,local-authority:STT,Stockton-on-Tees Borough Council,some,8
development-plan-document,local-authority:STV,Stevenage Borough Council,some,2
development-plan-document,local-authority:STY,South Tyneside Council,some,4
development-plan-document,local-authority:SUA,Somerset Council,some,13
development-plan-document,local-authority:SUR,Surrey Heath Borough Council,some,18
development-plan-document,local-authority:SWD,Swindon Borough Council,some,17
development-plan-document,local-authority:SWK,London Borough of Southwark,some,15
development-plan-document,local-authority:SWL,Swale Borough Council,some,3
development-plan-document,local-authority:TAM,Tameside Metropolitan Borough Council,some,2
development-plan-document,local-authority:TAN,Tandridge District Council,some,1
development-plan-document,local-authority:TAW,Tamworth Borough Council,some,5
development-plan-document,local-authority:TEI,Teignbridge District Council,some,1
development-plan-document,local-authority:TEN,Tendring District Council,some,10
development-plan-document,local-authority:TES,Test Valley Borough Council,some,18
development-plan-document,local-authority:TEW,Tewkesbury Borough Council,some,9
development-plan-document,local-authority:TFW,Telford & Wrekin Council,some,17
development-plan-document,local-authority:THA,Thanet District Council,some,7
development-plan-document,local-authority:THE,Three Rivers District Council,some,6
development-plan-document,local-authority:THR,Thurrock Council,some,18
development-plan-document,local-authority:TOB,Torbay Council,some,10
development-plan-document,local-authority:TON,Tonbridge and Malling Borough Council,some,9
development-plan-document,local-authority:TRF,Trafford Metropolitan Borough Council,some,5
development-plan-document,local-authority:TUN,Tunbridge Wells Borough Council,some,3
development-plan-document,local-authority:TWH,London Borough of Tower Hamlets,some,14
development-plan-document,local-authority:UTT,Uttlesford District Council,some,1
development-plan-document,local-authority:VAL,Vale of White Horse District Council,some,14
development-plan-document,local-authority:WAE,Waverley Borough Council,some,7
development-plan-document,local-authority:WAT,Watford Borough Council,some,16
development-plan-document,local-authority:WAW,Warwick District Council,some,11
development-plan-document,local-authority:WBK,West Berkshire Council,some,10
development-plan-document,local-authority:WEA,Wealden District Council,some,8
development-plan-document,local-authority:WEW,Welwyn Hatfield Borough Council,some,10
development-plan-document,local-authority:WFT,London Borough of Waltham Forest,some,4
development-plan-document,local-authority:WFUA,Westmorland and Furness Council,some,6
development-plan-document,local-authority:WGN,Wigan Metropolitan Borough Council,some,3
development-plan-document,local-authority:WIL,Wiltshire Council,some,1
development-plan-document,local-authority:WIN,Winchester City Council,some,16
development-plan-document,local-authority:WKF,Wakefield Metropolitan District Council,some,20
development-plan-document,local-authority:WLA,West Lancashire Borough Council,some,9
development-plan-document,local-authority:WLI,West Lindsey District Council,some,8
development-plan-document,local-authority:WLL,Walsall Metropolitan Borough Council,some,1
development-plan-document,local-authority:WLV,City of Wolverhampton Council,some,15
development-plan-document,local-authority:WND,London Borough of Wandsworth,some,21
development-plan-document,local-authority:WNM,Royal Borough of Windsor and Maidenhead,some,22
development-plan-document,local-authority:WNUA,West Northamptonshire Council,some,19
development-plan-document,local-authority:WOI,Woking Borough Council,some,2
development-plan-document,local-authority:WOK,Wokingham Borough Council,some,2
development-plan-document,local-authority:WOT,Worthing Borough Council,some,12
development-plan-document,local-authority:WOX,West Oxfordshire District Council,some,8
development-plan-document,local-authority:WRL,Wirral Borough Council,some,17
development-plan-document,local-authority:WRT,Warrington Borough Council,some,8
development-plan-document,local-authority:WSK,West Suffolk Council,some,4
development-plan-document,local-authority:WSM,City of Westminster,some,4
development-plan-document,local-authority:WYE,Wyre Forest District Council,some,6
development-plan-document,local-authority:WYO,Wycombe District Council,some,1
development-plan-document,local-authority:WYR,Wyre Borough Council,some,9
development-plan-document,local-authority:YOR,City of York Council,some,14
development-plan-document,local-planning-group:BAB-MSU,Babergh and Mid Suffolk Local Planning Group,some,6
development-plan-document,local-planning-group:BOL-BUR-MAN-OLD-RCH-SLF-TAM-TRF-WGN,Places for Everyone Local Planning Group,some,1
development-plan-document,local-planning-group:BOT-SHO,South East Lincolnshire Local Planning Group,some,3
development-plan-document,local-planning-group:BRA-COL-TEN,North Essex Local Planning Group,some,1
development-plan-document,local-planning-group:BRO-NOW-SNO,Greater Norwich Local Planning Group,some,14
development-plan-document,local-planning-group:BRT-GED-NGM,Greater Nottingham (2011-2028) Local Planning Group,some,1
development-plan-document,local-planning-group:CHO-PRE-SRI,Central Lancashire Local Planning Group,some,10
development-plan-document,local-planning-group:CHT-GLO-TEW,"Cheltenham, Gloucester and Tewkesbury Local Planning Group",some,2
development-plan-document,local-planning-group:DUD-SAW-WLL-WLV,Black Country Local Planning Group,some,1
development-plan-document,local-planning-group:GAT-NET,Gateshead and Newcastle Local Planning Group,some,16
development-plan-document,local-planning-group:LIC-NKE-WLI,Central Lincolnshire Local Planning Group,some,7
development-plan-document,local-planning-group:MAV-WOC-WYC,South Worcestershire Local Planning Group,some,1
development-plan-document,local-planning-group:NDE-TOR,North Devon and Torridge Local Planning Group,some,4
development-plan-document,local-planning-group:NEC-STE,Newcastle-under-Lyme and Stoke-on-Trent Local Planning Group,some,1
development-plan-document,local-planning-group:PLY-SHA-WDE,Plymouth and South West Devon Local Planning Group,some,3
development-plan-document,national-park-authority:Q20198711,South Downs National Park Authority,some,21
development-plan-document,national-park-authority:Q27159704,Lake District National Park Authority,some,1
development-plan-document,national-park-authority:Q4972284,Broads Authority,some,2
development-plan-document,national-park-authority:Q5225646,Dartmoor National Park Authority,some,3
development-plan-document,national-park-authority:Q72617158,New Forest National Park Authority,some,11
development-plan-document,national-park-authority:Q72617669,North York Moors National Park Authority,some,1
development-plan-document,national-park-authority:Q72617784,Exmoor National Park Authority,some,1
development-plan-document,national-park-authority:Q72617890,Northumberland National Park Authority,some,1
development-plan-document,national-park-authority:Q72617988,Peak District National Park Authority,some,1
development-plan-document-type,government-organisation:D1342,"Ministry of Housing, Communities & Local Government",authoritative,16
educational-establishment,government-organisation:D6,Department for Education,authoritative,47047
flood-risk-level,government-organisation:EA199,Environment Agency,authoritative,3
flood-risk-type,government-organisation:EA199,Environment Agency,authoritative,5
flood-risk-zone,government-organisation:EA199,Environment Agency,authoritative,780636
flood-storage-area,government-organisation:EA199,Environment Agency,authoritative,510
government-organisation,government-organisation:D1342,"Ministry of Housing, Communities & Local Government",authoritative,1
government-organisation,government-organisation:D303,Office for National Statistics,some,1
government-organisation,government-organisation:D38,Ordnance Survey,some,1
government-organisation,government-organisation:D4,"Ministry of Housing, Communities and Local Government",some,1
government-organisation,government-organisation:D6,Department for Education,some,1
government-organisation,government-organisation:D69,HM Land Registry,some,1
government-organisation,government-organisation:D7,"Department for Environment, Food & Rural Affairs",some,1
government-organisation,government-organisation:D85,Forestry Commission,some,1
government-organisation,government-organisation:D9,Department for Transport,some,1
government-organisation,government-organisation:EA199,Environment Agency,some,1
government-organisation,government-organisation:EA39,Planning Inspectorate,some,1
government-organisation,government-organisation:EA87,Valuation Office Agency,some,1
government-organisation,government-organisation:PB1164,Historic England,some,1
government-organisation,government-organisation:PB1204,Valuation Tribunal for England,some,1
government-organisation,government-organisation:PB1218,Regulator of Social Housing,some,1
government-organisation,government-organisation:PB1232,Homes England,some,1
government-organisation,government-organisation:PB160,Building Regulations Advisory Committee,some,1
government-organisation,government-organisation:PB202,Natural England,some,1
government-organisation,government-organisation:PB207,Health and Safety Executive,some,1
government-organisation,government-organisation:PB372,Housing Ombudsman,some,1
government-organisation,government-organisation:PB373,Leasehold Advisory Service,some,1
government-organisation,government-organisation:PB375,Valuation Tribunal Service,some,1
government-organisation,government-organisation:PC163,Architects Registration Board,some,1
green-belt,government-organisation:D1342,"Ministry of Housing, Communities & Local Government",authoritative,190
green-belt-core,government-organisation:D1342,"Ministry of Housing, Communities & Local Government",authoritative,16
heritage-at-risk,government-organisation:PB1164,Historic England,authoritative,5490
heritage-coast,government-organisation:PB202,Natural England,authoritative,32
infrastructure-funding-statement,local-authority:ADU,Adur District Council,some,1
infrastructure-funding-statement,local-authority:AMB,Amber Valley Borough Council,some,1
infrastructure-funding-statement,local-authority:ARU,Arun District Council,some,1
infrastructure-funding-statement,local-authority:ASF,Ashford Borough Council,some,1
infrastructure-funding-statement,local-authority:ASH,Ashfield District Council,some,1
infrastructure-funding-statement,local-authority:BAB,Babergh District Council,some,1
infrastructure-funding-statement,local-authority:BAE,Bassetlaw District Council,some,1
infrastructure-funding-statement,local-authority:BAN,Basingstoke and Deane Borough Council,some,1
infrastructure-funding-statement,local-authority:BAS,Bath and North East Somerset Council,some,1
infrastructure-funding-statement,local-authority:BBD,Blackburn with Darwen Borough Council,some,1
infrastructure-funding-statement,local-authority:BDF,Bedford Borough Council,some,1
infrastructure-funding-statement,local-authority:BDG,London Borough of Barking and Dagenham,some,1
infrastructure-funding-statement,local-authority:BEN,London Borough of Brent,some,1
infrastructure-funding-statement,local-authority:BEX,London Borough of Bexley,some,1
infrastructure-funding-statement,local-authority:BIR,Birmingham City Council,some,4
infrastructure-funding-statement,local-authority:BLA,Blaby District Council,some,1
infrastructure-funding-statement,local-authority:BNE,London Borough of Barnet,some,1
infrastructure-funding-statement,local-authority:BNH,Brighton and Hove City Council,some,1
infrastructure-funding-statement,local-authority:BNS,Barnsley Metropolitan Borough Council,some,1
infrastructure-funding-statement,local-authority:BOL,Bolton Metropolitan Borough Council,some,1
infrastructure-funding-statement,local-authority:BOS,Bolsover District Council,some,1
infrastructure-funding-statement,local-authority:BOT,Boston Borough Council,some,1
infrastructure-funding-statement,local-authority:BPC,"Bournemouth, Christchurch and Poole Council",some,1
infrastructure-funding-statement,local-authority:BPL,Blackpool Borough Council,some,1
infrastructure-funding-statement,local-authority:BRA,Braintree District Council,some,1
infrastructure-funding-statement,local-authority:BRC,Bracknell Forest Council,some,1
infrastructure-funding-statement,local-authority:BRD,City of Bradford Metropolitan District Council,some,1
infrastructure-funding-statement,local-authority:BRE,Breckland District Council,some,1
infrastructure-funding-statement,local-authority:BRM,Bromsgrove District Council,some,2
infrastructure-funding-statement,local-authority:BRO,Broadland District Council,some,2
infrastructure-funding-statement,local-authority:BRT,Broxtowe Borough Council,some,1
infrastructure-funding-statement,local-authority:BRX,Broxbourne Borough Council,some,1
infrastructure-funding-statement,local-authority:BRY,London Borough of Bromley,some,1
infrastructure-funding-statement,local-authority:BST,Bristol City Council,some,2
infrastructure-funding-statement,local-authority:BUC,Buckinghamshire Council,some,1
infrastructure-funding-statement,local-authority:CAB,Cambridge City Council,some,1
infrastructure-funding-statement,local-authority:CAN,Cannock Chase District Council,some,1
infrastructure-funding-statement,local-authority:CAT,Canterbury City Council,some,1
infrastructure-funding-statement,local-authority:CHA,Charnwood Borough Council,some,1
infrastructure-funding-statement,local-authority:CHI,Chichester District Council,some,1
infrastructure-funding-statement,local-authority:CHL,Chelmsford City Council,some,1
infrastructure-funding-statement,local-authority:CHO,Chorley Borough Council,some,1
infrastructure-funding-statement,local-authority:CHR,Cherwell District Council,some,1
infrastructure-funding-statement,local-authority:CHS,Chesterfield Borough Council,some,1
infrastructure-funding-statement,local-authority:CHT,Cheltenham Borough Council,some,1
infrastructure-funding-statement,local-authority:CMA,Cumbria County Council,some,1
infrastructure-funding-statement,local-authority:COL,Colchester City Council,some,1
infrastructure-funding-statement,local-authority:CON,Cornwall Council,some,1
infrastructure-funding-statement,local-authority:COT,Cotswold District Council,some,1
infrastructure-funding-statement,local-authority:COV,Coventry City Council,some,1
infrastructure-funding-statement,local-authority:CPCA,Cambridgeshire and Peterborough Combined Authority,some,1
infrastructure-funding-statement,local-authority:CRW,Crawley Borough Council,some,1
infrastructure-funding-statement,local-authority:CRY,London Borough of Croydon,some,1
infrastructure-funding-statement,local-authority:CUA,Cumberland Council,some,3
infrastructure-funding-statement,local-authority:DAC,Dacorum Borough Council,some,1
infrastructure-funding-statement,local-authority:DAL,Darlington Borough Council,some,1
infrastructure-funding-statement,local-authority:DAR,Dartford Borough Council,some,1
infrastructure-funding-statement,local-authority:DBY,Derbyshire County Council,some,1
infrastructure-funding-statement,local-authority:DEB,Derbyshire Dales District Council,some,1
infrastructure-funding-statement,local-authority:DER,Derby City Council,some,1
infrastructure-funding-statement,local-authority:DNC,Doncaster Metropolitan Borough Council,some,1
infrastructure-funding-statement,local-authority:DOR,Dorset County Council,some,1
infrastructure-funding-statement,local-authority:DOV,Dover District Council,some,1
infrastructure-funding-statement,local-authority:DST,Dorset Council,some,2
infrastructure-funding-statement,local-authority:DUD,Dudley Metropolitan Borough Council,some,1
infrastructure-funding-statement,local-authority:DUR,Durham County Council,some,1
infrastructure-funding-statement,local-authority:EAS,Eastbourne Borough Council,some,1
infrastructure-funding-statement,local-authority:EAT,Eastleigh Borough Council,authoritative,7
infrastructure-funding-statement,local-authority:ECA,East Cambridgeshire District Council,some,1
infrastructure-funding-statement,local-authority:EHA,East Hampshire District Council,some,1
infrastructure-funding-statement,local-authority:EHE,East Hertfordshire District Council,some,1
infrastructure-funding-statement,local-authority:ELM,Elmbridge Borough Council,some,1
infrastructure-funding-statement,local-authority:ENF,London Borough of Enfield,some,1
infrastructure-funding-statement,local-authority:EPP,Epping Forest District Council,some,1
infrastructure-funding-statement,local-authority:EPS,Epsom and Ewell Borough Council,some,1
infrastructure-funding-statement,local-authority:ERE,Erewash Borough Council,some,1
infrastructure-funding-statement,local-authority:ERY,East Riding of Yorkshire Council,some,1
infrastructure-funding-statement,local-authority:ESK,East Suffolk Council,some,1
infrastructure-funding-statement,local-authority:ESS,Essex County Council,some,1
infrastructure-funding-statement,local-authority:EST,East Staffordshire Borough Council,some,1
infrastructure-funding-statement,local-authority:ESX,East Sussex County Council,some,1
infrastructure-funding-statement,local-authority:EXE,Exeter City Council,some,1
infrastructure-funding-statement,local-authority:FAR,Fareham Borough Council,some,1
infrastructure-funding-statement,local-authority:FEN,Fenland District Council,some,1
infrastructure-funding-statement,local-authority:FOE,Forest of Dean District Council,some,1
infrastructure-funding-statement,local-authority:GAT,Gateshead Metropolitan Borough Council,some,1
infrastructure-funding-statement,local-authority:GED,Gedling Borough Council,some,1
infrastructure-funding-statement,local-authority:GLO,Gloucester City Council,some,2
infrastructure-funding-statement,local-authority:GLS,Gloucestershire County Council,some,1
infrastructure-funding-statement,local-authority:GOS,Gosport Borough Council,some,1
infrastructure-funding-statement,local-authority:GRA,Gravesham Borough Council,some,1
infrastructure-funding-statement,local-authority:GRE,Royal Borough of Greenwich,some,1
infrastructure-funding-statement,local-authority:GRT,Guildford Borough Council,some,1
infrastructure-funding-statement,local-authority:HAA,Havant Borough Council,some,11
infrastructure-funding-statement,local-authority:HAL,Halton Borough Council,authoritative,6
infrastructure-funding-statement,local-authority:HAM,Hampshire County Council,some,1
infrastructure-funding-statement,local-authority:HAO,Harborough District Council,some,1
infrastructure-funding-statement,local-authority:HAR,Harlow District Council,some,1
infrastructure-funding-statement,local-authority:HAS,Hastings Borough Council,some,1
infrastructure-funding-statement,local-authority:HAT,Hart District Council,some,1
infrastructure-funding-statement,local-authority:HAV,London Borough of Havering,some,1
infrastructure-funding-statement,local-authority:HCK,London Borough of Hackney,some,1
infrastructure-funding-statement,local-authority:HEF,Herefordshire Council,some,1
infrastructure-funding-statement,local-authority:HER,Hertsmere Borough Council,some,3
infrastructure-funding-statement,local-authority:HIG,High Peak Borough Council,some,1
infrastructure-funding-statement,local-authority:HIL,London Borough of Hillingdon,some,5
infrastructure-funding-statement,local-authority:HIN,Hinckley and Bosworth Borough Council,some,1
infrastructure-funding-statement,local-authority:HMF,London Borough of Hammersmith & Fulham,some,1
infrastructure-funding-statement,local-authority:HNS,London Borough of Hounslow,authoritative,2
infrastructure-funding-statement,local-authority:HOR,Horsham District Council,some,1
infrastructure-funding-statement,local-authority:HPL,Hartlepool Borough Council,some,1
infrastructure-funding-statement,local-authority:HRT,Hertfordshire County Council,some,1
infrastructure-funding-statement,local-authority:HRW,London Borough of Harrow,some,1
infrastructure-funding-statement,local-authority:HRY,London Borough of Haringey,some,1
infrastructure-funding-statement,local-authority:HUN,Huntingdonshire District Council,some,1
infrastructure-funding-statement,local-authority:IOS,Council of the Isles of Scilly,authoritative,3
infrastructure-funding-statement,local-authority:IOW,Isle of Wight Council,some,1
infrastructure-funding-statement,local-authority:IPS,Ipswich Borough Council,some,1
infrastructure-funding-statement,local-authority:ISL,London Borough of Islington,some,1
infrastructure-funding-statement,local-authority:KEC,Royal Borough of Kensington and Chelsea,some,1
infrastructure-funding-statement,local-authority:KEN,Kent County Council,some,1
infrastructure-funding-statement,local-authority:KHL,Hull City Council,some,1
infrastructure-funding-statement,local-authority:KIN,Borough Council of King's Lynn and West Norfolk,some,5
infrastructure-funding-statement,local-authority:KIR,Kirklees Council,some,1
infrastructure-funding-statement,local-authority:KTT,Royal Borough of Kingston upon Thames,some,1
infrastructure-funding-statement,local-authority:KWL,Knowsley Metropolitan Borough Council,some,1
infrastructure-funding-statement,local-authority:LAC,Lancaster City Council,some,1
infrastructure-funding-statement,local-authority:LBH,London Borough of Lambeth,some,1
infrastructure-funding-statement,local-authority:LCE,Leicester City Council,some,2
infrastructure-funding-statement,local-authority:LDS,Leeds City Council,some,1
infrastructure-funding-statement,local-authority:LEC,Leicestershire County Council,some,1
infrastructure-funding-statement,local-authority:LEE,Lewes District Council,some,1
infrastructure-funding-statement,local-authority:LEW,London Borough of Lewisham,some,1
infrastructure-funding-statement,local-authority:LIF,Lichfield District Council,some,1
infrastructure-funding-statement,local-authority:MEL,Melton Borough Council,some,1
infrastructure-funding-statement,local-authority:MSU,Mid Suffolk District Council,some,1
infrastructure-funding-statement,local-authority:NEA,Newark and Sherwood District Council,some,1
infrastructure-funding-statement,local-authority:NFK,Norfolk County Council,some,1
infrastructure-funding-statement,local-authority:NLN,North Lincolnshire Council,some,1
infrastructure-funding-statement,local-authority:NNUA,North Northamptonshire Council,some,3
infrastructure-funding-statement,local-authority:NTY,North Tyneside Council,some,1
infrastructure-funding-statement,local-authority:NYUA,North Yorkshire Council,some,3
infrastructure-funding-statement,local-authority:OLD,Oldham Metropolitan Borough Council,some,1
infrastructure-funding-statement,local-authority:RED,Redditch Borough Council,some,1
infrastructure-funding-statement,local-authority:ROH,Rother District Council,some,1
infrastructure-funding-statement,local-authority:SHA,South Hams District Council,some,1
infrastructure-funding-statement,local-authority:SHE,Folkestone and Hythe Council,some,1
infrastructure-funding-statement,local-authority:SND,Sunderland City Council,some,1
infrastructure-funding-statement,local-authority:SNO,South Norfolk District Council,some,2
infrastructure-funding-statement,local-authority:SST,South Staffordshire Council,authoritative,5
infrastructure-funding-statement,local-authority:SUA,Somerset Council,some,2
infrastructure-funding-statement,local-authority:TEN,Tendring District Council,some,1
infrastructure-funding-statement,local-authority:TEW,Tewkesbury Borough Council,some,1
infrastructure-funding-statement,local-authority:TOB,Torbay Council,authoritative,1
infrastructure-funding-statement,local-authority:TWH,London Borough of Tower Hamlets,some,1
infrastructure-funding-statement,local-authority:UTT,Uttlesford District Council,some,1
infrastructure-funding-statement,local-authority:VAL,Vale of White Horse District Council,some,1
infrastructure-funding-statement,local-authority:WAE,Waverley Borough Council,some,1
infrastructure-funding-statement,local-authority:WAR,Warwickshire County Council,some,1
infrastructure-funding-statement,local-authority:WDE,West Devon Borough Council,some,1
infrastructure-funding-statement,local-authority:WEA,Wealden District Council,some,1
infrastructure-funding-statement,local-authority:WFUA,Westmorland and Furness Council,some,1
infrastructure-funding-statement,local-authority:WIL,Wiltshire Council,some,1
infrastructure-funding-statement,local-authority:WNUA,West Northamptonshire Council,some,1
infrastructure-funding-statement,local-authority:WOR,Worcestershire County Council,some,1
infrastructure-funding-statement,local-authority:WOT,Worthing Borough Council,some,1
infrastructure-funding-statement,local-authority:WSK,West Suffolk Council,some,1
infrastructure-funding-statement,local-authority:WSX,West Sussex County Council,some,1
infrastructure-funding-statement,national-park-authority:Q20198711,South Downs National Park Authority,some,1
infrastructure-funding-statement,national-park-authority:Q72617158,New Forest National Park Authority,some,1
infrastructure-project,government-organisation:EA39,Planning Inspectorate,authoritative,233
infrastructure-project-decision,government-organisation:EA39,Planning Inspectorate,authoritative,4
infrastructure-project-document-type,government-organisation:EA39,Planning Inspectorate,authoritative,5
infrastructure-project-event,government-organisation:EA39,Planning Inspectorate,authoritative,9
infrastructure-project-type,government-organisation:EA39,Planning Inspectorate,authoritative,10
listed-building,government-organisation:PB1164,Historic England,authoritative,382193
listed-building-outline,local-authority:ADU,Adur District Council,authoritative,118
listed-building-outline,local-authority:ASF,Ashford Borough Council,authoritative,2410
listed-building-outline,local-authority:BAE,Bassetlaw District Council,authoritative,1116
listed-building-outline,local-authority:BDG,London Borough of Barking and Dagenham,authoritative,48
listed-building-outline,local-authority:BEN,London Borough of Brent,authoritative,582
listed-building-outline,local-authority:BIR,Birmingham City Council,authoritative,1498
listed-building-outline,local-authority:BNE,London Borough of Barnet,authoritative,651
listed-building-outline,local-authority:BST,Bristol City Council,authoritative,4154
listed-building-outline,local-authority:BUC,Buckinghamshire Council,authoritative,5877
listed-building-outline,local-authority:CAB,Cambridge City Council,authoritative,839
listed-building-outline,local-authority:CAS,Castle Point Borough Council,authoritative,36
listed-building-outline,local-authority:CAT,Canterbury City Council,authoritative,1876
listed-building-outline,local-authority:CBF,Central Bedfordshire Council,authoritative,1918
listed-building-outline,local-authority:CLD,Calderdale Metropolitan Borough Council,authoritative,2197
listed-building-outline,local-authority:CMD,London Borough of Camden,authoritative,1967
listed-building-outline,local-authority:COL,Colchester City Council,authoritative,1560
listed-building-outline,local-authority:COT,Cotswold District Council,authoritative,5016
listed-building-outline,local-authority:COV,Coventry City Council,authoritative,313
listed-building-outline,local-authority:DAR,Dartford Borough Council,authoritative,187
listed-building-outline,local-authority:DNC,Doncaster Metropolitan Borough Council,authoritative,800
listed-building-outline,local-authority:DOV,Dover District Council,authoritative,1699
listed-building-outline,local-authority:DST,Dorset Council,authoritative,8859
listed-building-outline,local-authority:ECA,East Cambridgeshire District Council,authoritative,990
listed-building-outline,local-authority:EHA,East Hampshire District Council,authoritative,1581
listed-building-outline,local-authority:EHE,East Hertfordshire District Council,authoritative,3020
listed-building-outline,local-authority:EPS,Epsom and Ewell Borough Council,authoritative,272
listed-building-outline,local-authority:FOE,Forest of Dean District Council,authoritative,1487
listed-building-outline,local-authority:GAT,Gateshead Metropolitan Borough Council,authoritative,248
listed-building-outline,local-authority:GLO,Gloucester City Council,authoritative,486
listed-building-outline,local-authority:GRY,Great Yarmouth Borough Council,authoritative,431
listed-building-outline,local-authority:HAA,Havant Borough Council,authoritative,246
listed-building-outline,local-authority:HAL,Halton Borough Council,authoritative,132
listed-building-outline,local-authority:HAR,Harlow District Council,authoritative,179
listed-building-outline,local-authority:HAT,Hart District Council,authoritative,977
listed-building-outline,local-authority:HIL,London Borough of Hillingdon,authoritative,441
listed-building-outline,local-authority:HOR,Horsham District Council,authoritative,1765
listed-building-outline,local-authority:HRY,London Borough of Haringey,authoritative,224
listed-building-outline,local-authority:HUN,Huntingdonshire District Council,authoritative,2236
listed-building-outline,local-authority:KEC,Royal Borough of Kensington and Chelsea,authoritative,2609
listed-building-outline,local-authority:KHL,Hull City Council,authoritative,498
listed-building-outline,local-authority:KIN,Borough Council of King's Lynn and West Norfolk,authoritative,1988
listed-building-outline,local-authority:LBH,London Borough of Lambeth,authoritative,949
listed-building-outline,local-authority:LCE,Leicester City Council,authoritative,396
listed-building-outline,local-authority:LDS,Leeds City Council,authoritative,2368
listed-building-outline,local-authority:LEW,London Borough of Lewisham,authoritative,364
listed-building-outline,local-authority:LIV,Liverpool City Council,authoritative,1538
listed-building-outline,local-authority:LND,City of London Corporation,authoritative,636
listed-building-outline,local-authority:MAI,Maidstone Borough Council,authoritative,2044
listed-building-outline,local-authority:MDW,Medway Council,authoritative,653
listed-building-outline,local-authority:MIK,Milton Keynes City Council,authoritative,1001
listed-building-outline,local-authority:NBL,Northumberland County Council,authoritative,5397
listed-building-outline,local-authority:NET,Newcastle City Council,authoritative,770
listed-building-outline,local-authority:NEW,New Forest District Council,authoritative,907
listed-building-outline,local-authority:NLN,North Lincolnshire Council,authoritative,916
listed-building-outline,local-authority:NNO,North Norfolk District Council,authoritative,2688
listed-building-outline,local-authority:NSM,North Somerset Council,authoritative,1084
listed-building-outline,local-authority:NTY,North Tyneside Council,authoritative,221
listed-building-outline,local-authority:OLD,Oldham Metropolitan Borough Council,authoritative,549
listed-building-outline,local-authority:OXO,Oxford City Council,authoritative,1590
listed-building-outline,local-authority:PLY,Plymouth City Council,authoritative,756
listed-building-outline,local-authority:PTE,Peterborough City Council,authoritative,927
listed-building-outline,local-authority:RCH,Rochdale Metropolitan Borough Council,authoritative,377
listed-building-outline,local-authority:ROS,Rossendale Borough Council,authoritative,278
listed-building-outline,local-authority:SAL,St Albans City and District Council,authoritative,840
listed-building-outline,local-authority:SAW,Sandwell Metropolitan Borough Council,authoritative,214
listed-building-outline,local-authority:SCA,South Cambridgeshire District Council,authoritative,2697
listed-building-outline,local-authority:SFT,Sefton Metropolitan Borough Council,authoritative,569
listed-building-outline,local-authority:SGC,South Gloucestershire Council,authoritative,2084
listed-building-outline,local-authority:SKP,Stockport Metropolitan Borough Council,authoritative,395
listed-building-outline,local-authority:SLF,Salford City Council,authoritative,240
listed-building-outline,local-authority:SPE,Spelthorne Borough Council,authoritative,198
listed-building-outline,local-authority:SST,South Staffordshire Council,authoritative,662
listed-building-outline,local-authority:STE,Stoke-on-Trent City Council,authoritative,212
listed-building-outline,local-authority:SUR,Surrey Heath Borough Council,authoritative,191
listed-building-outline,local-authority:SWK,London Borough of Southwark,authoritative,913
listed-building-outline,local-authority:SWL,Swale Borough Council,authoritative,1443
listed-building-outline,local-authority:TAN,Tandridge District Council,authoritative,608
listed-building-outline,local-authority:TEW,Tewkesbury Borough Council,authoritative,1684
listed-building-outline,local-authority:THA,Thanet District Council,authoritative,1032
listed-building-outline,local-authority:TOB,Torbay Council,authoritative,919
listed-building-outline,local-authority:TWH,London Borough of Tower Hamlets,authoritative,904
listed-building-outline,local-authority:UTT,Uttlesford District Council,authoritative,4090
listed-building-outline,local-authority:WBK,West Berkshire Council,authoritative,1893
listed-building-outline,local-authority:WFT,London Borough of Waltham Forest,authoritative,161
listed-building-outline,local-authority:WOT,Worthing Borough Council,authoritative,217
listed-building-outline,local-authority:WRL,Wirral Borough Council,authoritative,1849
listed-building-outline,local-authority:WSM,City of Westminster,authoritative,3455
listed-building-outline,national-park-authority:Q27159704,Lake District National Park Authority,authoritative,1814
listed-building-outline,national-park-authority:Q72617158,New Forest National Park Authority,authoritative,628
listed-building-outline,national-park-authority:Q72617890,Northumberland National Park Authority,some,232
local-area-requirements,development-corporation:Q20648596,Old Oak and Park Royal Development Corporation,some,1
local-area-requirements,development-corporation:Q6670544,London Legacy Development Corporation,some,1
local-area-requirements,development-corporation:Q72463795,Ebbsfleet Development Corporation,some,1
local-area-requirements,local-authority:ADU,Adur District Council,some,1
local-area-requirements,local-authority:ALL,Allerdale Borough Council,some,1
local-area-requirements,local-authority:AMB,Amber Valley Borough Council,some,1
local-area-requirements,local-authority:ARU,Arun District Council,some,1
local-area-requirements,local-authority:ASF,Ashford Borough Council,some,1
local-area-requirements,local-authority:ASH,Ashfield District Council,some,1
local-area-requirements,local-authority:AYL,Aylesbury Vale District Council,some,1
local-area-requirements,local-authority:BAB,Babergh District Council,some,1
local-area-requirements,local-authority:BAE,Bassetlaw District Council,some,1
local-area-requirements,local-authority:BAI,Basildon Borough Council,some,1
local-area-requirements,local-authority:BAN,Basingstoke and Deane Borough Council,some,1
local-area-requirements,local-authority:BAR,Barrow-in-Furness Borough Council,some,1
local-area-requirements,local-authority:BAS,Bath and North East Somerset Council,some,1
local-area-requirements,local-authority:BBD,Blackburn with Darwen Borough Council,some,1
local-area-requirements,local-authority:BDF,Bedford Borough Council,some,1
local-area-requirements,local-authority:BDG,London Borough of Barking and Dagenham,some,1
local-area-requirements,local-authority:BEN,London Borough of Brent,some,1
local-area-requirements,local-authority:BEX,London Borough of Bexley,some,1
local-area-requirements,local-authority:BIR,Birmingham City Council,some,1
local-area-requirements,local-authority:BLA,Blaby District Council,some,1
local-area-requirements,local-authority:BNE,London Borough of Barnet,some,1
local-area-requirements,local-authority:BNH,Brighton and Hove City Council,some,1
local-area-requirements,local-authority:BNS,Barnsley Metropolitan Borough Council,some,1
local-area-requirements,local-authority:BOL,Bolton Metropolitan Borough Council,some,1
local-area-requirements,local-authority:BOS,Bolsover District Council,some,1
local-area-requirements,local-authority:BOT,Boston Borough Council,some,1
local-area-requirements,local-authority:BPC,"Bournemouth, Christchurch and Poole Council",some,1
local-area-requirements,local-authority:BPL,Blackpool Borough Council,some,1
local-area-requirements,local-authority:BRA,Braintree District Council,some,1
local-area-requirements,local-authority:BRC,Bracknell Forest Council,some,1
local-area-requirements,local-authority:BRD,City of Bradford Metropolitan District Council,some,1
local-area-requirements,local-authority:BRE,Breckland District Council,some,1
local-area-requirements,local-authority:BRM,Bromsgrove District Council,some,1
local-area-requirements,local-authority:BRO,Broadland District Council,some,1
local-area-requirements,local-authority:BRT,Broxtowe Borough Council,some,1
local-area-requirements,local-authority:BRW,Brentwood Borough Council,some,1
local-area-requirements,local-authority:BRX,Broxbourne Borough Council,some,1
local-area-requirements,local-authority:BRY,London Borough of Bromley,some,1
local-area-requirements,local-authority:BST,Bristol City Council,some,1
local-area-requirements,local-authority:BUC,Buckinghamshire Council,some,1
local-area-requirements,local-authority:BUN,Burnley Borough Council,some,1
local-area-requirements,local-authority:BUR,Bury Metropolitan Borough Council,some,1
local-area-requirements,local-authority:CAB,Cambridge City Council,some,1
local-area-requirements,local-authority:CAN,Cannock Chase District Council,some,1
local-area-requirements,local-authority:CAR,Carlisle City Council,some,1
local-area-requirements,local-authority:CAS,Castle Point Borough Council,some,1
local-area-requirements,local-authority:CAT,Canterbury City Council,some,1
local-area-requirements,local-authority:CBF,Central Bedfordshire Council,some,1
local-area-requirements,local-authority:CHA,Charnwood Borough Council,some,1
local-area-requirements,local-authority:CHE,Cheshire East Council,some,1
local-area-requirements,local-authority:CHI,Chichester District Council,some,1
local-area-requirements,local-authority:CHL,Chelmsford City Council,some,1
local-area-requirements,local-authority:CHN,Chiltern District Council,some,1
local-area-requirements,local-authority:CHO,Chorley Borough Council,some,1
local-area-requirements,local-authority:CHR,Cherwell District Council,some,1
local-area-requirements,local-authority:CHS,Chesterfield Borough Council,some,1
local-area-requirements,local-authority:CHT,Cheltenham Borough Council,some,1
local-area-requirements,local-authority:CHW,Cheshire West and Chester Council,some,1
local-area-requirements,local-authority:CLD,Calderdale Metropolitan Borough Council,some,1
local-area-requirements,local-authority:CMD,London Borough of Camden,some,1
local-area-requirements,local-authority:COL,Colchester City Council,some,1
local-area-requirements,local-authority:CON,Cornwall Council,some,1
local-area-requirements,local-authority:COP,Copeland Borough Council,some,1
local-area-requirements,local-authority:COR,Corby Borough Council,some,1
local-area-requirements,local-authority:COT,Cotswold District Council,some,1
local-area-requirements,local-authority:COV,Coventry City Council,some,1
local-area-requirements,local-authority:CRA,Craven District Council,some,1
local-area-requirements,local-authority:CRW,Crawley Borough Council,some,1
local-area-requirements,local-authority:CRY,London Borough of Croydon,some,1
local-area-requirements,local-authority:CUA,Cumberland Council,some,1
local-area-requirements,local-authority:DAC,Dacorum Borough Council,some,1
local-area-requirements,local-authority:DAL,Darlington Borough Council,some,1
local-area-requirements,local-authority:DAR,Dartford Borough Council,some,1
local-area-requirements,local-authority:DAV,Daventry District Council,some,1
local-area-requirements,local-authority:DEB,Derbyshire Dales District Council,some,1
local-area-requirements,local-authority:DER,Derby City Council,some,1
local-area-requirements,local-authority:DNC,Doncaster Metropolitan Borough Council,some,1
local-area-requirements,local-authority:DOV,Dover District Council,some,1
local-area-requirements,local-authority:DST,Dorset Council,some,1
local-area-requirements,local-authority:DUD,Dudley Metropolitan Borough Council,some,1
local-area-requirements,local-authority:DUR,Durham County Council,some,1
local-area-requirements,local-authority:EAL,London Borough of Ealing,some,1
local-area-requirements,local-authority:EAS,Eastbourne Borough Council,some,1
local-area-requirements,local-authority:EAT,Eastleigh Borough Council,some,1
local-area-requirements,local-authority:ECA,East Cambridgeshire District Council,some,1
local-area-requirements,local-authority:EDE,East Devon District Council,some,1
local-area-requirements,local-authority:EDN,Eden District Council,some,1
local-area-requirements,local-authority:EHA,East Hampshire District Council,some,1
local-area-requirements,local-authority:EHE,East Hertfordshire District Council,some,1
local-area-requirements,local-authority:ELI,East Lindsey District Council,some,1
local-area-requirements,local-authority:ELM,Elmbridge Borough Council,some,1
local-area-requirements,local-authority:ENF,London Borough of Enfield,some,1
local-area-requirements,local-authority:ENO,East Northamptonshire Council,some,1
local-area-requirements,local-authority:EPP,Epping Forest District Council,some,1
local-area-requirements,local-authority:EPS,Epsom and Ewell Borough Council,some,1
local-area-requirements,local-authority:ERE,Erewash Borough Council,some,1
local-area-requirements,local-authority:ERY,East Riding of Yorkshire Council,some,1
local-area-requirements,local-authority:ESK,East Suffolk Council,some,1
local-area-requirements,local-authority:EST,East Staffordshire Borough Council,some,1
local-area-requirements,local-authority:EXE,Exeter City Council,some,1
local-area-requirements,local-authority:FAR,Fareham Borough Council,some,1
local-area-requirements,local-authority:FEN,Fenland District Council,some,1
local-area-requirements,local-authority:FOE,Forest of Dean District Council,some,1
local-area-requirements,local-authority:FYL,Fylde Borough Council,some,1
local-area-requirements,local-authority:GAT,Gateshead Metropolitan Borough Council,some,1
local-area-requirements,local-authority:GED,Gedling Borough Council,some,1
local-area-requirements,local-authority:GLO,Gloucester City Council,some,1
local-area-requirements,local-authority:GOS,Gosport Borough Council,some,1
local-area-requirements,local-authority:GRA,Gravesham Borough Council,some,1
local-area-requirements,local-authority:GRE,Royal Borough of Greenwich,some,1
local-area-requirements,local-authority:GRT,Guildford Borough Council,some,1
local-area-requirements,local-authority:GRY,Great Yarmouth Borough Council,some,1
local-area-requirements,local-authority:HAA,Havant Borough Council,some,1
local-area-requirements,local-authority:HAE,Hambleton District Council,some,1
local-area-requirements,local-authority:HAG,Harrogate Borough Council,some,1
local-area-requirements,local-authority:HAL,Halton Borough Council,some,1
local-area-requirements,local-authority:HAO,Harborough District Council,some,1
local-area-requirements,local-authority:HAR,Harlow District Council,some,1
local-area-requirements,local-authority:HAS,Hastings Borough Council,some,1
local-area-requirements,local-authority:HAT,Hart District Council,some,1
local-area-requirements,local-authority:HAV,London Borough of Havering,some,1
local-area-requirements,local-authority:HCK,London Borough of Hackney,some,1
local-area-requirements,local-authority:HEF,Herefordshire Council,some,1
local-area-requirements,local-authority:HER,Hertsmere Borough Council,some,1
local-area-requirements,local-authority:HIG,High Peak Borough Council,some,1
local-area-requirements,local-authority:HIL,London Borough of Hillingdon,some,1
local-area-requirements,local-authority:HIN,Hinckley and Bosworth Borough Council,some,1
local-area-requirements,local-authority:HMF,London Borough of Hammersmith & Fulham,some,1
local-area-requirements,local-authority:HNS,London Borough of Hounslow,some,1
local-area-requirements,local-authority:HOR,Horsham District Council,some,1
local-area-requirements,local-authority:HPL,Hartlepool Borough Council,some,1
local-area-requirements,local-authority:HRW,London Borough of Harrow,some,1
local-area-requirements,local-authority:HRY,London Borough of Haringey,some,1
local-area-requirements,local-authority:HUN,Huntingdonshire District Council,some,1
local-area-requirements,local-authority:HYN,Hyndburn Borough Council,some,1
local-area-requirements,local-authority:IOS,Council of the Isles of Scilly,some,1
local-area-requirements,local-authority:IOW,Isle of Wight Council,some,1
local-area-requirements,local-authority:IPS,Ipswich Borough Council,some,1
local-area-requirements,local-authority:ISL,London Borough of Islington,some,1
local-area-requirements,local-authority:KEC,Royal Borough of Kensington and Chelsea,some,1
local-area-requirements,local-authority:KET,Kettering Borough Council,some,1
local-area-requirements,local-authority:KHL,Hull City Council,some,1
local-area-requirements,local-authority:KIN,Borough Council of King's Lynn and West Norfolk,some,1
local-area-requirements,local-authority:KIR,Kirklees Council,some,1
local-area-requirements,local-authority:KTT,Royal Borough of Kingston upon Thames,some,1
local-area-requirements,local-authority:KWL,Knowsley Metropolitan Borough Council,some,1
local-area-requirements,local-authority:LAC,Lancaster City Council,some,1
local-area-requirements,local-authority:LBH,London Borough of Lambeth,some,1
local-area-requirements,local-authority:LCE,Leicester City Council,some,1
local-area-requirements,local-authority:LDS,Leeds City Council,some,1
local-area-requirements,local-authority:LEE,Lewes District Council,some,1
local-area-requirements,local-authority:LEW,London Borough of Lewisham,some,1
local-area-requirements,local-authority:LIC,City of Lincoln Council,some,1
local-area-requirements,local-authority:LIF,Lichfield District Council,some,1
local-area-requirements,local-authority:LIV,Liverpool City Council,some,1
local-area-requirements,local-authority:LND,City of London Corporation,some,1
local-area-requirements,local-authority:LUT,Luton Borough Council,some,1
local-area-requirements,local-authority:MAI,Maidstone Borough Council,some,1
local-area-requirements,local-authority:MAL,Maldon District Council,some,1
local-area-requirements,local-authority:MAN,Manchester City Council,some,1
local-area-requirements,local-authority:MAS,Mansfield District Council,some,1
local-area-requirements,local-authority:MAV,Malvern Hills District Council,some,1
local-area-requirements,local-authority:MDB,Middlesbrough Borough Council,some,1
local-area-requirements,local-authority:MDE,Mid Devon District Council,some,1
local-area-requirements,local-authority:MDW,Medway Council,some,1
local-area-requirements,local-authority:MEL,Melton Borough Council,some,1
local-area-requirements,local-authority:MEN,Mendip District Council,some,1
local-area-requirements,local-authority:MIK,Milton Keynes City Council,some,1
local-area-requirements,local-authority:MOL,Mole Valley District Council,some,1
local-area-requirements,local-authority:MRT,London Borough of Merton,some,1
local-area-requirements,local-authority:MSS,Mid Sussex District Council,some,1
local-area-requirements,local-authority:MSU,Mid Suffolk District Council,some,1
local-area-requirements,local-authority:NBL,Northumberland County Council,some,1
local-area-requirements,local-authority:NDE,North Devon District Council,some,1
local-area-requirements,local-authority:NEA,Newark and Sherwood District Council,some,1
local-area-requirements,local-authority:NEC,Newcastle-under-Lyme Borough Council,some,1
local-area-requirements,local-authority:NED,North East Derbyshire District Council,some,1
local-area-requirements,local-authority:NEL,North East Lincolnshire Council,some,1
local-area-requirements,local-authority:NET,Newcastle City Council,some,1
local-area-requirements,local-authority:NEW,New Forest District Council,some,1
local-area-requirements,local-authority:NGM,Nottingham City Council,some,1
local-area-requirements,local-authority:NHE,North Hertfordshire District Council,some,1
local-area-requirements,local-authority:NKE,North Kesteven District Council,some,1
local-area-requirements,local-authority:NLN,North Lincolnshire Council,some,1
local-area-requirements,local-authority:NNO,North Norfolk District Council,some,1
local-area-requirements,local-authority:NNUA,North Northamptonshire Council,some,1
local-area-requirements,local-authority:NOR,Northampton Borough Council,some,1
local-area-requirements,local-authority:NOW,Norwich City Council,some,1
local-area-requirements,local-authority:NSM,North Somerset Council,some,1
local-area-requirements,local-authority:NTY,North Tyneside Council,some,1
local-area-requirements,local-authority:NUN,Nuneaton and Bedworth Borough Council,some,1
local-area-requirements,local-authority:NWA,North Warwickshire Borough Council,some,1
local-area-requirements,local-authority:NWL,North West Leicestershire District Council,some,1
local-area-requirements,local-authority:NWM,London Borough of Newham,some,1
local-area-requirements,local-authority:NYUA,North Yorkshire Council,some,1
local-area-requirements,local-authority:OAD,Oadby and Wigston Borough Council,some,1
local-area-requirements,local-authority:OLD,Oldham Metropolitan Borough Council,some,1
local-area-requirements,local-authority:OXO,Oxford City Council,some,1
local-area-requirements,local-authority:PEN,Pendle Borough Council,some,1
local-area-requirements,local-authority:PLY,Plymouth City Council,some,1
local-area-requirements,local-authority:POR,Portsmouth City Council,some,1
local-area-requirements,local-authority:PRE,Preston City Council,some,1
local-area-requirements,local-authority:PTE,Peterborough City Council,some,1
local-area-requirements,local-authority:RCC,Redcar and Cleveland Borough Council,some,1
local-area-requirements,local-authority:RCH,Rochdale Metropolitan Borough Council,some,1
local-area-requirements,local-authority:RDB,London Borough of Redbridge,some,1
local-area-requirements,local-authority:RDG,Reading Borough Council,some,1
local-area-requirements,local-authority:RED,Redditch Borough Council,some,1
local-area-requirements,local-authority:REI,Reigate and Banstead Borough Council,some,1
local-area-requirements,local-authority:RIB,Ribble Valley Borough Council,some,1
local-area-requirements,local-authority:RIC,London Borough of Richmond upon Thames,some,1
local-area-requirements,local-authority:RIH,Richmondshire District Council,some,1
local-area-requirements,local-authority:ROC,Rochford District Council,some,1
local-area-requirements,local-authority:ROH,Rother District Council,some,1
local-area-requirements,local-authority:ROS,Rossendale Borough Council,some,1
local-area-requirements,local-authority:ROT,Rotherham Metropolitan Borough Council,some,1
local-area-requirements,local-authority:RUG,Rugby Borough Council,some,1
local-area-requirements,local-authority:RUH,Rushmoor Borough Council,some,1
local-area-requirements,local-authority:RUN,Runnymede Borough Council,some,1
local-area-requirements,local-authority:RUS,Rushcliffe Borough Council,some,1
local-area-requirements,local-authority:RUT,Rutland County Council,some,1
local-area-requirements,local-authority:RYE,Ryedale District Council,some,1
local-area-requirements,local-authority:SAL,St Albans City and District Council,some,1
local-area-requirements,local-authority:SAW,Sandwell Metropolitan Borough Council,some,1
local-area-requirements,local-authority:SBU,South Bucks District Council,some,1
local-area-requirements,local-authority:SCA,South Cambridgeshire District Council,some,1
local-area-requirements,local-authority:SCE,Scarborough Borough Council,some,1
local-area-requirements,local-authority:SDE,South Derbyshire District Council,some,1
local-area-requirements,local-authority:SEG,Sedgemoor District Council,some,1
local-area-requirements,local-authority:SEL,Selby District Council,some,1
local-area-requirements,local-authority:SEV,Sevenoaks District Council,some,1
local-area-requirements,local-authority:SFT,Sefton Metropolitan Borough Council,some,1
local-area-requirements,local-authority:SGC,South Gloucestershire Council,some,1
local-area-requirements,local-authority:SHA,South Hams District Council,some,1
local-area-requirements,local-authority:SHE,Folkestone and Hythe Council,some,1
local-area-requirements,local-authority:SHF,Sheffield City Council,some,1
local-area-requirements,local-authority:SHN,St Helens Council,some,1
local-area-requirements,local-authority:SHO,South Holland District Council,some,1
local-area-requirements,local-authority:SHR,Shropshire Council,some,1
local-area-requirements,local-authority:SKE,South Kesteven District Council,some,1
local-area-requirements,local-authority:SKP,Stockport Metropolitan Borough Council,some,1
local-area-requirements,local-authority:SLA,South Lakeland District Council,some,1
local-area-requirements,local-authority:SLF,Salford City Council,some,1
local-area-requirements,local-authority:SLG,Slough Borough Council,some,1
local-area-requirements,local-authority:SND,Sunderland City Council,some,1
local-area-requirements,local-authority:SNO,South Norfolk District Council,some,1
local-area-requirements,local-authority:SNR,South Northamptonshire Council,some,1
local-area-requirements,local-authority:SOL,Solihull Metropolitan Borough Council,some,1
local-area-requirements,local-authority:SOS,Southend-on-Sea Borough Council,some,1
local-area-requirements,local-authority:SOX,South Oxfordshire District Council,some,1
local-area-requirements,local-authority:SPE,Spelthorne Borough Council,some,1
local-area-requirements,local-authority:SRI,South Ribble Borough Council,some,1
local-area-requirements,local-authority:SSO,South Somerset District Council,some,1
local-area-requirements,local-authority:SST,South Staffordshire Council,some,1
local-area-requirements,local-authority:STA,Stafford Borough Council,some,1
local-area-requirements,local-authority:STE,Stoke-on-Trent City Council,some,1
local-area-requirements,local-authority:STF,Staffordshire Moorlands District Council,some,1
local-area-requirements,local-authority:STH,Southampton City Council,some,1
local-area-requirements,local-authority:STN,London Borough of Sutton,some,1
local-area-requirements,local-authority:STO,Stroud District Council,some,1
local-area-requirements,local-authority:STR,Stratford-on-Avon District Council,some,1
local-area-requirements,local-authority:STT,Stockton-on-Tees Borough Council,some,1
local-area-requirements,local-authority:STV,Stevenage Borough Council,some,1
local-area-requirements,local-authority:STY,South Tyneside Council,some,1
local-area-requirements,local-authority:SUA,Somerset Council,some,1
local-area-requirements,local-authority:SUR,Surrey Heath Borough Council,some,1
local-area-requirements,local-authority:SWD,Swindon Borough Council,some,1
local-area-requirements,local-authority:SWK,London Borough of Southwark,some,1
local-area-requirements,local-authority:SWL,Swale Borough Council,some,1
local-area-requirements,local-authority:SWT,Somerset West and Taunton Council,some,1
local-area-requirements,local-authority:TAM,Tameside Metropolitan Borough Council,some,1
local-area-requirements,local-authority:TAN,Tandridge District Council,some,1
local-area-requirements,local-authority:TAW,Tamworth Borough Council,some,1
local-area-requirements,local-authority:TEI,Teignbridge District Council,some,1
local-area-requirements,local-authority:TEN,Tendring District Council,some,1
local-area-requirements,local-authority:TES,Test Valley Borough Council,some,1
local-area-requirements,local-authority:TEW,Tewkesbury Borough Council,some,1
local-area-requirements,local-authority:TFW,Telford & Wrekin Council,some,1
local-area-requirements,local-authority:THA,Thanet District Council,some,1
local-area-requirements,local-authority:THE,Three Rivers District Council,some,1
local-area-requirements,local-authority:THR,Thurrock Council,some,1
local-area-requirements,local-authority:TOB,Torbay Council,some,1
local-area-requirements,local-authority:TON,Tonbridge and Malling Borough Council,some,1
local-area-requirements,local-authority:TOR,Torridge District Council,some,1
local-area-requirements,local-authority:TRF,Trafford Metropolitan Borough Council,some,1
local-area-requirements,local-authority:TUN,Tunbridge Wells Borough Council,some,1
local-area-requirements,local-authority:TWH,London Borough of Tower Hamlets,some,1
local-area-requirements,local-authority:UTT,Uttlesford District Council,some,1
local-area-requirements,local-authority:VAL,Vale of White Horse District Council,some,1
local-area-requirements,local-authority:WAE,Waverley Borough Council,some,1
local-area-requirements,local-authority:WAT,Watford Borough Council,some,1
local-area-requirements,local-authority:WAW,Warwick District Council,some,1
local-area-requirements,local-authority:WBK,West Berkshire Council,some,1
local-area-requirements,local-authority:WDE,West Devon Borough Council,some,1
local-area-requirements,local-authority:WEA,Wealden District Council,some,1
local-area-requirements,local-authority:WEL,Wellingborough Borough Council,some,1
local-area-requirements,local-authority:WEW,Welwyn Hatfield Borough Council,some,1
local-area-requirements,local-authority:WFT,London Borough of Waltham Forest,some,1
local-area-requirements,local-authority:WFUA,Westmorland and Furness Council,some,1
local-area-requirements,local-authority:WGN,Wigan Metropolitan Borough Council,some,1
local-area-requirements,local-authority:WIL,Wiltshire Council,some,1
local-area-requirements,local-authority:WIN,Winchester City Council,some,1
local-area-requirements,local-authority:WKF,Wakefield Metropolitan District Council,some,1
local-area-requirements,local-authority:WLA,West Lancashire Borough Council,some,1
local-area-requirements,local-authority:WLI,West Lindsey District Council,some,1
local-area-requirements,local-authority:WLL,Walsall Metropolitan Borough Council,some,1
local-area-requirements,local-authority:WLV,City of Wolverhampton Council,some,1
local-area-requirements,local-authority:WND,London Borough of Wandsworth,some,1
local-area-requirements,local-authority:WNM,Royal Borough of Windsor and Maidenhead,some,1
local-area-requirements,local-authority:WNUA,West Northamptonshire Council,some,1
local-area-requirements,local-authority:WOC,Worcester City Council,some,1
local-area-requirements,local-authority:WOI,Woking Borough Council,some,1
local-area-requirements,local-authority:WOK,Wokingham Borough Council,some,1
local-area-requirements,local-authority:WOT,Worthing Borough Council,some,1
local-area-requirements,local-authority:WOX,West Oxfordshire District Council,some,1
local-area-requirements,local-authority:WRL,Wirral Borough Council,some,1
local-area-requirements,local-authority:WRT,Warrington Borough Council,some,1
local-area-requirements,local-authority:WSK,West Suffolk Council,some,1
local-area-requirements,local-authority:WSM,City of Westminster,some,1
local-area-requirements,local-authority:WYC,Wychavon District Council,some,1
local-area-requirements,local-authority:WYE,Wyre Forest District Council,some,1
local-area-requirements,local-authority:WYO,Wycombe District Council,some,1
local-area-requirements,local-authority:WYR,Wyre Borough Council,some,1
local-area-requirements,local-authority:YOR,City of York Council,some,1
local-area-requirements,national-park-authority:Q20198711,South Downs National Park Authority,some,1
local-area-requirements,national-park-authority:Q27159704,Lake District National Park Authority,some,1
local-area-requirements,national-park-authority:Q27178932,Yorkshire Dales National Park Authority,some,1
local-area-requirements,national-park-authority:Q4972284,Broads Authority,some,1
local-area-requirements,national-park-authority:Q5225646,Dartmoor National Park Authority,some,1
local-area-requirements,national-park-authority:Q72617669,North York Moors National Park Authority,some,1
local-area-requirements,national-park-authority:Q72617784,Exmoor National Park Authority,some,1
local-area-requirements,national-park-authority:Q72617988,Peak District National Park Authority,some,1
local-authority,local-authority:ADU,Adur District Council,some,1
local-authority,local-authority:ALL,Allerdale Borough Council,some,1
local-authority,local-authority:AMB,Amber Valley Borough Council,some,1
local-authority,local-authority:ARU,Arun District Council,some,1
local-authority,local-authority:ASF,Ashford Borough Council,some,1
local-authority,local-authority:ASH,Ashfield District Council,some,1
local-authority,local-authority:AYL,Aylesbury Vale District Council,some,1
local-authority,local-authority:BAB,Babergh District Council,some,1
local-authority,local-authority:BAE,Bassetlaw District Council,some,1
local-authority,local-authority:BAI,Basildon Borough Council,some,1
local-authority,local-authority:BAN,Basingstoke and Deane Borough Council,some,1
local-authority,local-authority:BAR,Barrow-in-Furness Borough Council,some,1
local-authority,local-authority:BAS,Bath and North East Somerset Council,some,1
local-authority,local-authority:BBD,Blackburn with Darwen Borough Council,some,1
local-authority,local-authority:BDF,Bedford Borough Council,some,1
local-authority,local-authority:BDG,London Borough of Barking and Dagenham,some,1
local-authority,local-authority:BEN,London Borough of Brent,some,1
local-authority,local-authority:BEX,London Borough of Bexley,some,1
local-authority,local-authority:BIR,Birmingham City Council,some,1
local-authority,local-authority:BKM,Buckinghamshire County Council,some,1
local-authority,local-authority:BLA,Blaby District Council,some,1
local-authority,local-authority:BMH,Bournemouth Borough Council,some,1
local-authority,local-authority:BNE,London Borough of Barnet,some,1
local-authority,local-authority:BNH,Brighton and Hove City Council,some,1
local-authority,local-authority:BNS,Barnsley Metropolitan Borough Council,some,1
local-authority,local-authority:BOL,Bolton Metropolitan Borough Council,some,1
local-authority,local-authority:BOS,Bolsover District Council,some,1
local-authority,local-authority:BOT,Boston Borough Council,some,1
local-authority,local-authority:BPC,"Bournemouth, Christchurch and Poole Council",some,1
local-authority,local-authority:BPL,Blackpool Borough Council,some,1
local-authority,local-authority:BRA,Braintree District Council,some,1
local-authority,local-authority:BRC,Bracknell Forest Council,some,1
local-authority,local-authority:BRD,City of Bradford Metropolitan District Council,some,1
local-authority,local-authority:BRE,Breckland District Council,some,1
local-authority,local-authority:BRM,Bromsgrove District Council,some,1
local-authority,local-authority:BRO,Broadland District Council,some,1
local-authority,local-authority:BRT,Broxtowe Borough Council,some,1
local-authority,local-authority:BRW,Brentwood Borough Council,some,1
local-authority,local-authority:BRX,Broxbourne Borough Council,some,1
local-authority,local-authority:BRY,London Borough of Bromley,some,1
local-authority,local-authority:BST,Bristol City Council,some,1
local-authority,local-authority:BUC,Buckinghamshire Council,some,1
local-authority,local-authority:BUN,Burnley Borough Council,some,1
local-authority,local-authority:BUR,Bury Metropolitan Borough Council,some,1
local-authority,local-authority:CAB,Cambridge City Council,some,1
local-authority,local-authority:CAM,Cambridgeshire County Council,some,1
local-authority,local-authority:CAN,Cannock Chase District Council,some,1
local-authority,local-authority:CAR,Carlisle City Council,some,1
local-authority,local-authority:CAS,Castle Point Borough Council,some,1
local-authority,local-authority:CAT,Canterbury City Council,some,1
local-authority,local-authority:CBF,Central Bedfordshire Council,some,1
local-authority,local-authority:CHA,Charnwood Borough Council,some,1
local-authority,local-authority:CHC,Christchurch Borough Council,some,1
local-authority,local-authority:CHE,Cheshire East Council,some,1
local-authority,local-authority:CHI,Chichester District Council,some,1
local-authority,local-authority:CHL,Chelmsford City Council,some,1
local-authority,local-authority:CHN,Chiltern District Council,some,1
local-authority,local-authority:CHO,Chorley Borough Council,some,1
local-authority,local-authority:CHR,Cherwell District Council,some,1
local-authority,local-authority:CHS,Chesterfield Borough Council,some,1
local-authority,local-authority:CHT,Cheltenham Borough Council,some,1
local-authority,local-authority:CHW,Cheshire West and Chester Council,some,1
local-authority,local-authority:CLD,Calderdale Metropolitan Borough Council,some,1
local-authority,local-authority:CMA,Cumbria County Council,some,1
local-authority,local-authority:CMD,London Borough of Camden,some,1
local-authority,local-authority:COL,Colchester City Council,some,1
local-authority,local-authority:CON,Cornwall Council,some,1
local-authority,local-authority:COP,Copeland Borough Council,some,1
local-authority,local-authority:COR,Corby Borough Council,some,1
local-authority,local-authority:COT,Cotswold District Council,some,1
local-authority,local-authority:COV,Coventry City Council,some,1
local-authority,local-authority:CPCA,Cambridgeshire and Peterborough Combined Authority,some,1
local-authority,local-authority:CRA,Craven District Council,some,1
local-authority,local-authority:CRW,Crawley Borough Council,some,1
local-authority,local-authority:CRY,London Borough of Croydon,some,1
local-authority,local-authority:CUA,Cumberland Council,some,1
local-authority,local-authority:DAC,Dacorum Borough Council,some,1
local-authority,local-authority:DAL,Darlington Borough Council,some,1
local-authority,local-authority:DAR,Dartford Borough Council,some,1
local-authority,local-authority:DAV,Daventry District Council,some,1
local-authority,local-authority:DBY,Derbyshire County Council,some,1
local-authority,local-authority:DEB,Derbyshire Dales District Council,some,1
local-authority,local-authority:DER,Derby City Council,some,1
local-authority,local-authority:DEV,Devon County Council,some,1
local-authority,local-authority:DNC,Doncaster Metropolitan Borough Council,some,1
local-authority,local-authority:DOR,Dorset County Council,some,1
local-authority,local-authority:DOV,Dover District Council,some,1
local-authority,local-authority:DST,Dorset Council,some,1
local-authority,local-authority:DUD,Dudley Metropolitan Borough Council,some,1
local-authority,local-authority:DUR,Durham County Council,some,1
local-authority,local-authority:EAL,London Borough of Ealing,some,1
local-authority,local-authority:EAS,Eastbourne Borough Council,some,1
local-authority,local-authority:EAT,Eastleigh Borough Council,some,1
local-authority,local-authority:ECA,East Cambridgeshire District Council,some,1
local-authority,local-authority:EDE,East Devon District Council,some,1
local-authority,local-authority:EDN,Eden District Council,some,1
local-authority,local-authority:EDO,East Dorset District Council,some,1
local-authority,local-authority:EHA,East Hampshire District Council,some,1
local-authority,local-authority:EHE,East Hertfordshire District Council,some,1
local-authority,local-authority:ELI,East Lindsey District Council,some,1
local-authority,local-authority:ELM,Elmbridge Borough Council,some,1
local-authority,local-authority:EMCCA,East Midlands Combined County Authority,some,1
local-authority,local-authority:ENF,London Borough of Enfield,some,1
local-authority,local-authority:ENO,East Northamptonshire Council,some,1
local-authority,local-authority:EPP,Epping Forest District Council,some,1
local-authority,local-authority:EPS,Epsom and Ewell Borough Council,some,1
local-authority,local-authority:ERE,Erewash Borough Council,some,1
local-authority,local-authority:ERY,East Riding of Yorkshire Council,some,1
local-authority,local-authority:ESK,East Suffolk Council,some,1
local-authority,local-authority:ESS,Essex County Council,some,1
local-authority,local-authority:EST,East Staffordshire Borough Council,some,1
local-authority,local-authority:ESX,East Sussex County Council,some,1
local-authority,local-authority:EXE,Exeter City Council,some,1
local-authority,local-authority:FAR,Fareham Borough Council,some,1
local-authority,local-authority:FEN,Fenland District Council,some,1
local-authority,local-authority:FOE,Forest of Dean District Council,some,1
local-authority,local-authority:FOR,Forest Heath District Council,some,1
local-authority,local-authority:FYL,Fylde Borough Council,some,1
local-authority,local-authority:GAT,Gateshead Metropolitan Borough Council,some,1
local-authority,local-authority:GED,Gedling Borough Council,some,1
local-authority,local-authority:GLA,Greater London Authority,some,1
local-authority,local-authority:GLO,Gloucester City Council,some,1
local-authority,local-authority:GLS,Gloucestershire County Council,some,1
local-authority,local-authority:GMCA,Greater Manchester Combined Authority,some,1
local-authority,local-authority:GOS,Gosport Borough Council,some,1
local-authority,local-authority:GRA,Gravesham Borough Council,some,1
local-authority,local-authority:GRE,Royal Borough of Greenwich,some,1
local-authority,local-authority:GRT,Guildford Borough Council,some,1
local-authority,local-authority:GRY,Great Yarmouth Borough Council,some,1
local-authority,local-authority:HAA,Havant Borough Council,some,1
local-authority,local-authority:HAE,Hambleton District Council,some,1
local-authority,local-authority:HAG,Harrogate Borough Council,some,1
local-authority,local-authority:HAL,Halton Borough Council,some,1
local-authority,local-authority:HAM,Hampshire County Council,some,1
local-authority,local-authority:HAO,Harborough District Council,some,1
local-authority,local-authority:HAR,Harlow District Council,some,1
local-authority,local-authority:HAS,Hastings Borough Council,some,1
local-authority,local-authority:HAT,Hart District Council,some,1
local-authority,local-authority:HAV,London Borough of Havering,some,1
local-authority,local-authority:HCK,London Borough of Hackney,some,1
local-authority,local-authority:HEF,Herefordshire Council,some,1
local-authority,local-authority:HER,Hertsmere Borough Council,some,1
local-authority,local-authority:HIG,High Peak Borough Council,some,1
local-authority,local-authority:HIL,London Borough of Hillingdon,some,1
local-authority,local-authority:HIN,Hinckley and Bosworth Borough Council,some,1
local-authority,local-authority:HMF,London Borough of Hammersmith & Fulham,some,1
local-authority,local-authority:HNS,London Borough of Hounslow,some,1
local-authority,local-authority:HOR,Horsham District Council,some,1
local-authority,local-authority:HPL,Hartlepool Borough Council,some,1
local-authority,local-authority:HRT,Hertfordshire County Council,some,1
local-authority,local-authority:HRW,London Borough of Harrow,some,1
local-authority,local-authority:HRY,London Borough of Haringey,some,1
local-authority,local-authority:HUN,Huntingdonshire District Council,some,1
local-authority,local-authority:HYN,Hyndburn Borough Council,some,1
local-authority,local-authority:IOS,Council of the Isles of Scilly,some,1
local-authority,local-authority:IOW,Isle of Wight Council,some,1
local-authority,local-authority:IPS,Ipswich Borough Council,some,1
local-authority,local-authority:ISL,London Borough of Islington,some,1
local-authority,local-authority:KEC,Royal Borough of Kensington and Chelsea,some,1
local-authority,local-authority:KEN,Kent County Council,some,1
local-authority,local-authority:KET,Kettering Borough Council,some,1
local-authority,local-authority:KHL,Hull City Council,some,1
local-authority,local-authority:KIN,Borough Council of King's Lynn and West Norfolk,some,1
local-authority,local-authority:KIR,Kirklees Council,some,1
local-authority,local-authority:KTT,Royal Borough of Kingston upon Thames,some,1
local-authority,local-authority:KWL,Knowsley Metropolitan Borough Council,some,1
local-authority,local-authority:LAC,Lancaster City Council,some,1
local-authority,local-authority:LAN,Lancashire County Council,some,1
local-authority,local-authority:LBH,London Borough of Lambeth,some,1
local-authority,local-authority:LCE,Leicester City Council,some,1
local-authority,local-authority:LCR,Liverpool City Region,some,1
local-authority,local-authority:LDS,Leeds City Council,some,1
local-authority,local-authority:LEC,Leicestershire County Council,some,1
local-authority,local-authority:LEE,Lewes District Council,some,1
local-authority,local-authority:LEW,London Borough of Lewisham,some,1
local-authority,local-authority:LIC,City of Lincoln Council,some,1
local-authority,local-authority:LIF,Lichfield District Council,some,1
local-authority,local-authority:LIN,Lincolnshire County Council,some,1
local-authority,local-authority:LIV,Liverpool City Council,some,1
local-authority,local-authority:LND,City of London Corporation,some,1
local-authority,local-authority:LUT,Luton Borough Council,some,1
local-authority,local-authority:MAI,Maidstone Borough Council,some,1
local-authority,local-authority:MAL,Maldon District Council,some,1
local-authority,local-authority:MAN,Manchester City Council,some,1
local-authority,local-authority:MAS,Mansfield District Council,some,1
local-authority,local-authority:MAV,Malvern Hills District Council,some,1
local-authority,local-authority:MDB,Middlesbrough Borough Council,some,1
local-authority,local-authority:MDE,Mid Devon District Council,some,1
local-authority,local-authority:MDW,Medway Council,some,1
local-authority,local-authority:MEL,Melton Borough Council,some,1
local-authority,local-authority:MEN,Mendip District Council,some,1
local-authority,local-authority:MIK,Milton Keynes City Council,some,1
local-authority,local-authority:MOL,Mole Valley District Council,some,1
local-authority,local-authority:MRT,London Borough of Merton,some,1
local-authority,local-authority:MSS,Mid Sussex District Council,some,1
local-authority,local-authority:MSU,Mid Suffolk District Council,some,1
local-authority,local-authority:NBL,Northumberland County Council,some,1
local-authority,local-authority:NDE,North Devon District Council,some,1
local-authority,local-authority:NDO,North Dorset District Council,some,1
local-authority,local-authority:NEA,Newark and Sherwood District Council,some,1
local-authority,local-authority:NEC,Newcastle-under-Lyme Borough Council,some,1
local-authority,local-authority:NECA,North East Combined Authority,some,1
local-authority,local-authority:NED,North East Derbyshire District Council,some,1
local-authority,local-authority:NEL,North East Lincolnshire Council,some,1
local-authority,local-authority:NET,Newcastle City Council,some,1
local-authority,local-authority:NEW,New Forest District Council,some,1
local-authority,local-authority:NFK,Norfolk County Council,some,1
local-authority,local-authority:NGM,Nottingham City Council,some,1
local-authority,local-authority:NHE,North Hertfordshire District Council,some,1
local-authority,local-authority:NKE,North Kesteven District Council,some,1
local-authority,local-authority:NLN,North Lincolnshire Council,some,1
local-authority,local-authority:NNECA,North East Combined Authority,some,1
local-authority,local-authority:NNO,North Norfolk District Council,some,1
local-authority,local-authority:NNUA,North Northamptonshire Council,some,1
local-authority,local-authority:NOR,Northampton Borough Council,some,1
local-authority,local-authority:NOW,Norwich City Council,some,1
local-authority,local-authority:NSM,North Somerset Council,some,1
local-authority,local-authority:NTCA,North of Tyne Combined Authority,some,1
local-authority,local-authority:NTH,Northamptonshire County Council,some,1
local-authority,local-authority:NTT,Nottinghamshire County Council,some,1
local-authority,local-authority:NTY,North Tyneside Council,some,1
local-authority,local-authority:NUN,Nuneaton and Bedworth Borough Council,some,1
local-authority,local-authority:NWA,North Warwickshire Borough Council,some,1
local-authority,local-authority:NWL,North West Leicestershire District Council,some,1
local-authority,local-authority:NWM,London Borough of Newham,some,1
local-authority,local-authority:NYK,North Yorkshire County Council,some,1
local-authority,local-authority:NYUA,North Yorkshire Council,some,1
local-authority,local-authority:OAD,Oadby and Wigston Borough Council,some,1
local-authority,local-authority:OLD,Oldham Metropolitan Borough Council,some,1
local-authority,local-authority:OXF,Oxfordshire County Council,some,1
local-authority,local-authority:OXO,Oxford City Council,some,1
local-authority,local-authority:PEN,Pendle Borough Council,some,1
local-authority,local-authority:PLY,Plymouth City Council,some,1
local-authority,local-authority:POL,Borough of Poole,some,1
local-authority,local-authority:POR,Portsmouth City Council,some,1
local-authority,local-authority:PRE,Preston City Council,some,1
local-authority,local-authority:PTE,Peterborough City Council,some,1
local-authority,local-authority:PUR,Purbeck District Council,some,1
local-authority,local-authority:RCC,Redcar and Cleveland Borough Council,some,1
local-authority,local-authority:RCH,Rochdale Metropolitan Borough Council,some,1
local-authority,local-authority:RDB,London Borough of Redbridge,some,1
local-authority,local-authority:RDG,Reading Borough Council,some,1
local-authority,local-authority:RED,Redditch Borough Council,some,1
local-authority,local-authority:REI,Reigate and Banstead Borough Council,some,1
local-authority,local-authority:RIB,Ribble Valley Borough Council,some,1
local-authority,local-authority:RIC,London Borough of Richmond upon Thames,some,1
local-authority,local-authority:RIH,Richmondshire District Council,some,1
local-authority,local-authority:ROC,Rochford District Council,some,1
local-authority,local-authority:ROH,Rother District Council,some,1
local-authority,local-authority:ROS,Rossendale Borough Council,some,1
local-authority,local-authority:ROT,Rotherham Metropolitan Borough Council,some,1
local-authority,local-authority:RUG,Rugby Borough Council,some,1
local-authority,local-authority:RUH,Rushmoor Borough Council,some,1
local-authority,local-authority:RUN,Runnymede Borough Council,some,1
local-authority,local-authority:RUS,Rushcliffe Borough Council,some,1
local-authority,local-authority:RUT,Rutland County Council,some,1
local-authority,local-authority:RYE,Ryedale District Council,some,1
local-authority,local-authority:SAL,St Albans City and District Council,some,1
local-authority,local-authority:SAW,Sandwell Metropolitan Borough Council,some,1
local-authority,local-authority:SBU,South Bucks District Council,some,1
local-authority,local-authority:SCA,South Cambridgeshire District Council,some,1
local-authority,local-authority:SCE,Scarborough Borough Council,some,1
local-authority,local-authority:SDE,South Derbyshire District Council,some,1
local-authority,local-authority:SED,St Edmundsbury Borough Council,some,1
local-authority,local-authority:SEG,Sedgemoor District Council,some,1
local-authority,local-authority:SEL,Selby District Council,some,1
local-authority,local-authority:SEV,Sevenoaks District Council,some,1
local-authority,local-authority:SFK,Suffolk County Council,some,1
local-authority,local-authority:SFT,Sefton Metropolitan Borough Council,some,1
local-authority,local-authority:SGC,South Gloucestershire Council,some,1
local-authority,local-authority:SHA,South Hams District Council,some,1
local-authority,local-authority:SHE,Folkestone and Hythe Council,some,1
local-authority,local-authority:SHF,Sheffield City Council,some,1
local-authority,local-authority:SHN,St Helens Council,some,1
local-authority,local-authority:SHO,South Holland District Council,some,1
local-authority,local-authority:SHR,Shropshire Council,some,1
local-authority,local-authority:SKE,South Kesteven District Council,some,1
local-authority,local-authority:SKP,Stockport Metropolitan Borough Council,some,1
local-authority,local-authority:SLA,South Lakeland District Council,some,1
local-authority,local-authority:SLF,Salford City Council,some,1
local-authority,local-authority:SLG,Slough Borough Council,some,1
local-authority,local-authority:SND,Sunderland City Council,some,1
local-authority,local-authority:SNO,South Norfolk District Council,some,1
local-authority,local-authority:SNR,South Northamptonshire Council,some,1
local-authority,local-authority:SOL,Solihull Metropolitan Borough Council,some,1
local-authority,local-authority:SOM,Somerset County Council,some,1
local-authority,local-authority:SOS,Southend-on-Sea Borough Council,some,1
local-authority,local-authority:SOX,South Oxfordshire District Council,some,1
local-authority,local-authority:SPE,Spelthorne Borough Council,some,1
local-authority,local-authority:SRI,South Ribble Borough Council,some,1
local-authority,local-authority:SRY,Surrey County Council,some,1
local-authority,local-authority:SSO,South Somerset District Council,some,1
local-authority,local-authority:SST,South Staffordshire Council,some,1
local-authority,local-authority:STA,Stafford Borough Council,some,1
local-authority,local-authority:STE,Stoke-on-Trent City Council,some,1
local-authority,local-authority:STF,Staffordshire Moorlands District Council,some,1
local-authority,local-authority:STH,Southampton City Council,some,1
local-authority,local-authority:STN,London Borough of Sutton,some,1
local-authority,local-authority:STO,Stroud District Council,some,1
local-authority,local-authority:STR,Stratford-on-Avon District Council,some,1
local-authority,local-authority:STS,Staffordshire County Council,some,1
local-authority,local-authority:STT,Stockton-on-Tees Borough Council,some,1
local-authority,local-authority:STV,Stevenage Borough Council,some,1
local-authority,local-authority:STY,South Tyneside Council,some,1
local-authority,local-authority:SUA,Somerset Council,some,1
local-authority,local-authority:SUF,Suffolk Coastal District Council,some,1
local-authority,local-authority:SUR,Surrey Heath Borough Council,some,1
local-authority,local-authority:SWD,Swindon Borough Council,some,1
local-authority,local-authority:SWK,London Borough of Southwark,some,1
local-authority,local-authority:SWL,Swale Borough Council,some,1
local-authority,local-authority:SWT,Somerset West and Taunton Council,some,1
local-authority,local-authority:SYMCA,South Yorkshire Mayoral Combined Authority,some,1
local-authority,local-authority:TAM,Tameside Metropolitan Borough Council,some,1
local-authority,local-authority:TAN,Tandridge District Council,some,1
local-authority,local-authority:TAU,Taunton Deane Borough Council,some,1
local-authority,local-authority:TAW,Tamworth Borough Council,some,1
local-authority,local-authority:TEI,Teignbridge District Council,some,1
local-authority,local-authority:TEN,Tendring District Council,some,1
local-authority,local-authority:TES,Test Valley Borough Council,some,1
local-authority,local-authority:TEW,Tewkesbury Borough Council,some,1
local-authority,local-authority:TFW,Telford & Wrekin Council,some,1
local-authority,local-authority:THA,Thanet District Council,some,1
local-authority,local-authority:THE,Three Rivers District Council,some,1
local-authority,local-authority:THR,Thurrock Council,some,1
local-authority,local-authority:TOB,Torbay Council,some,1
local-authority,local-authority:TON,Tonbridge and Malling Borough Council,some,1
local-authority,local-authority:TOR,Torridge District Council,some,1
local-authority,local-authority:TRF,Trafford Metropolitan Borough Council,some,1
local-authority,local-authority:TUN,Tunbridge Wells Borough Council,some,1
local-authority,local-authority:TVCA,Tees Valley Combined Authority,some,1
local-authority,local-authority:TWH,London Borough of Tower Hamlets,some,1
local-authority,local-authority:UTT,Uttlesford District Council,some,1
local-authority,local-authority:VAL,Vale of White Horse District Council,some,1
local-authority,local-authority:WAE,Waverley Borough Council,some,1
local-authority,local-authority:WAR,Warwickshire County Council,some,1
local-authority,local-authority:WAT,Watford Borough Council,some,1
local-authority,local-authority:WAV,Waveney District Council,some,1
local-authority,local-authority:WAW,Warwick District Council,some,1
local-authority,local-authority:WBK,West Berkshire Council,some,1
local-authority,local-authority:WDE,West Devon Borough Council,some,1
local-authority,local-authority:WDO,West Dorset District Council,some,1
local-authority,local-authority:WEA,Wealden District Council,some,1
local-authority,local-authority:WECA,West of England Combined Authority,some,1
local-authority,local-authority:WEL,Wellingborough Borough Council,some,1
local-authority,local-authority:WEW,Welwyn Hatfield Borough Council,some,1
local-authority,local-authority:WEY,Weymouth and Portland Borough Council,some,1
local-authority,local-authority:WFT,London Borough of Waltham Forest,some,1
local-authority,local-authority:WFUA,Westmorland and Furness Council,some,1
local-authority,local-authority:WGN,Wigan Metropolitan Borough Council,some,1
local-authority,local-authority:WIL,Wiltshire Council,some,1
local-authority,local-authority:WIN,Winchester City Council,some,1
local-authority,local-authority:WKF,Wakefield Metropolitan District Council,some,1
local-authority,local-authority:WLA,West Lancashire Borough Council,some,1
local-authority,local-authority:WLI,West Lindsey District Council,some,1
local-authority,local-authority:WLL,Walsall Metropolitan Borough Council,some,1
local-authority,local-authority:WLV,City of Wolverhampton Council,some,1
local-authority,local-authority:WMCA,West Midlands Combined Authority,some,1
local-authority,local-authority:WND,London Borough of Wandsworth,some,1
local-authority,local-authority:WNM,Royal Borough of Windsor and Maidenhead,some,1
local-authority,local-authority:WNUA,West Northamptonshire Council,some,1
local-authority,local-authority:WOC,Worcester City Council,some,1
local-authority,local-authority:WOI,Woking Borough Council,some,1
local-authority,local-authority:WOK,Wokingham Borough Council,some,1
local-authority,local-authority:WOR,Worcestershire County Council,some,1
local-authority,local-authority:WOT,Worthing Borough Council,some,1
local-authority,local-authority:WOX,West Oxfordshire District Council,some,1
local-authority,local-authority:WRL,Wirral Borough Council,some,1
local-authority,local-authority:WRT,Warrington Borough Council,some,1
local-authority,local-authority:WSK,West Suffolk Council,some,1
local-authority,local-authority:WSM,City of Westminster,some,1
local-authority,local-authority:WSO,West Somerset District Council,some,1
local-authority,local-authority:WSX,West Sussex County Council,some,1
local-authority,local-authority:WYC,Wychavon District Council,some,1
local-authority,local-authority:WYCA,West Yorkshire Combined Authority,some,1
local-authority,local-authority:WYE,Wyre Forest District Council,some,1
local-authority,local-authority:WYO,Wycombe District Council,some,1
local-authority,local-authority:WYR,Wyre Borough Council,some,1
local-authority,local-authority:YNYCA,York and North Yorkshire Combined Authority,some,1
local-authority,local-authority:YOR,City of York Council,some,1
local-nature-reserve,government-organisation:PB202,Natural England,authoritative,1727
local-plan,development-corporation:Q117149370,Middlesbrough Development Corporation,some,3
local-plan,development-corporation:Q124604981,Hartlepool Development Corporation,some,3
local-plan,development-corporation:Q20648596,Old Oak and Park Royal Development Corporation,some,2
local-plan,development-corporation:Q6670544,London Legacy Development Corporation,some,2
local-plan,development-corporation:Q72456968,South Tees Development Corporation,some,1
local-plan,development-corporation:Q72463795,Ebbsfleet Development Corporation,some,2
local-plan,local-authority:ADU,Adur District Council,some,3
local-plan,local-authority:AMB,Amber Valley Borough Council,some,2
local-plan,local-authority:ARU,Arun District Council,some,2
local-plan,local-authority:ASF,Ashford Borough Council,some,5
local-plan,local-authority:ASH,Ashfield District Council,some,4
local-plan,local-authority:AYL,Aylesbury Vale District Council,some,1
local-plan,local-authority:BAB,Babergh District Council,some,2
local-plan,local-authority:BAE,Bassetlaw District Council,some,3
local-plan,local-authority:BAI,Basildon Borough Council,some,2
local-plan,local-authority:BAN,Basingstoke and Deane Borough Council,some,3
local-plan,local-authority:BAS,Bath and North East Somerset Council,some,5
local-plan,local-authority:BBD,Blackburn with Darwen Borough Council,some,2
local-plan,local-authority:BDF,Bedford Borough Council,some,5
local-plan,local-authority:BDG,London Borough of Barking and Dagenham,some,4
local-plan,local-authority:BEN,London Borough of Brent,some,3
local-plan,local-authority:BEX,London Borough of Bexley,some,2
local-plan,local-authority:BIR,Birmingham City Council,some,4
local-plan,local-authority:BLA,Blaby District Council,some,6
local-plan,local-authority:BNE,London Borough of Barnet,some,2
local-plan,local-authority:BNH,Brighton and Hove City Council,some,4
local-plan,local-authority:BNS,Barnsley Metropolitan Borough Council,some,3
local-plan,local-authority:BOL,Bolton Metropolitan Borough Council,some,4
local-plan,local-authority:BOS,Bolsover District Council,some,2
local-plan,local-authority:BOT,Boston Borough Council,some,2
local-plan,local-authority:BPC,"Bournemouth, Christchurch and Poole Council",some,5
local-plan,local-authority:BPL,Blackpool Borough Council,some,4
local-plan,local-authority:BRA,Braintree District Council,some,3
local-plan,local-authority:BRC,Bracknell Forest Council,some,3
local-plan,local-authority:BRD,City of Bradford Metropolitan District Council,some,3
local-plan,local-authority:BRE,Breckland District Council,some,5
local-plan,local-authority:BRM,Bromsgrove District Council,some,3
local-plan,local-authority:BRO,Broadland District Council,some,2
local-plan,local-authority:BRT,Broxtowe Borough Council,some,5
local-plan,local-authority:BRW,Brentwood Borough Council,some,2
local-plan,local-authority:BRX,Broxbourne Borough Council,some,3
local-plan,local-authority:BRY,London Borough of Bromley,some,3
local-plan,local-authority:BST,Bristol City Council,some,4
local-plan,local-authority:BUC,Buckinghamshire Council,some,2
local-plan,local-authority:BUN,Burnley Borough Council,some,3
local-plan,local-authority:BUR,Bury Metropolitan Borough Council,some,4
local-plan,local-authority:CAB,Cambridge City Council,some,5
local-plan,local-authority:CAN,Cannock Chase District Council,some,3
local-plan,local-authority:CAS,Castle Point Borough Council,some,5
local-plan,local-authority:CAT,Canterbury City Council,some,5
local-plan,local-authority:CBF,Central Bedfordshire Council,authoritative,5
local-plan,local-authority:CHA,Charnwood Borough Council,some,4
local-plan,local-authority:CHE,Cheshire East Council,authoritative,5
local-plan,local-authority:CHI,Chichester District Council,authoritative,5
local-plan,local-authority:CHL,Chelmsford City Council,some,3
local-plan,local-authority:CHN,Chiltern District Council,some,1
local-plan,local-authority:CHO,Chorley Borough Council,some,3
local-plan,local-authority:CHR,Cherwell District Council,some,4
local-plan,local-authority:CHS,Chesterfield Borough Council,some,3
local-plan,local-authority:CHT,Cheltenham Borough Council,some,2
local-plan,local-authority:CHW,Cheshire West and Chester Council,authoritative,5
local-plan,local-authority:CLD,Calderdale Metropolitan Borough Council,some,3
local-plan,local-authority:CMD,London Borough of Camden,some,4
local-plan,local-authority:COL,Colchester City Council,some,2
local-plan,local-authority:CON,Cornwall Council,some,3
local-plan,local-authority:COT,Cotswold District Council,some,5
local-plan,local-authority:COV,Coventry City Council,some,2
local-plan,local-authority:CRW,Crawley Borough Council,some,3
local-plan,local-authority:CRY,London Borough of Croydon,some,2
local-plan,local-authority:CUA,Cumberland Council,some,7
local-plan,local-authority:DAC,Dacorum Borough Council,some,2
local-plan,local-authority:DAL,Darlington Borough Council,some,2
local-plan,local-authority:DAR,Dartford Borough Council,some,3
local-plan,local-authority:DEB,Derbyshire Dales District Council,some,4
local-plan,local-authority:DER,Derby City Council,some,5
local-plan,local-authority:DNC,Doncaster Metropolitan Borough Council,some,3
local-plan,local-authority:DOV,Dover District Council,some,4
local-plan,local-authority:DST,Dorset Council,some,6
local-plan,local-authority:DUD,Dudley Metropolitan Borough Council,some,4
local-plan,local-authority:DUR,Durham County Council,authoritative,4
local-plan,local-authority:EAL,London Borough of Ealing,some,3
local-plan,local-authority:EAS,Eastbourne Borough Council,some,3
local-plan,local-authority:EAT,Eastleigh Borough Council,authoritative,3
local-plan,local-authority:ECA,East Cambridgeshire District Council,some,3
local-plan,local-authority:EDE,East Devon District Council,some,4
local-plan,local-authority:EHA,East Hampshire District Council,some,5
local-plan,local-authority:EHE,East Hertfordshire District Council,authoritative,5
local-plan,local-authority:ELI,East Lindsey District Council,some,3
local-plan,local-authority:ELM,Elmbridge Borough Council,some,4
local-plan,local-authority:ENF,London Borough of Enfield,some,3
local-plan,local-authority:EPP,Epping Forest District Council,some,3
local-plan,local-authority:EPS,Epsom and Ewell Borough Council,some,3
local-plan,local-authority:ERE,Erewash Borough Council,some,3
local-plan,local-authority:ERY,East Riding of Yorkshire Council,some,2
local-plan,local-authority:ESK,East Suffolk Council,authoritative,7
local-plan,local-authority:EST,East Staffordshire Borough Council,some,3
local-plan,local-authority:EXE,Exeter City Council,some,4
local-plan,local-authority:FAR,Fareham Borough Council,some,3
local-plan,local-authority:FEN,Fenland District Council,some,4
local-plan,local-authority:FOE,Forest of Dean District Council,some,4
local-plan,local-authority:FYL,Fylde Borough Council,some,2
local-plan,local-authority:GAT,Gateshead Metropolitan Borough Council,some,4
local-plan,local-authority:GED,Gedling Borough Council,some,2
local-plan,local-authority:GLO,Gloucester City Council,some,2
local-plan,local-authority:GOS,Gosport Borough Council,some,3
local-plan,local-authority:GRA,Gravesham Borough Council,some,3
local-plan,local-authority:GRE,Royal Borough of Greenwich,some,3
local-plan,local-authority:GRT,Guildford Borough Council,authoritative,4
local-plan,local-authority:GRY,Great Yarmouth Borough Council,some,4
local-plan,local-authority:HAA,Havant Borough Council,some,4
local-plan,local-authority:HAL,Halton Borough Council,some,2
local-plan,local-authority:HAO,Harborough District Council,some,3
local-plan,local-authority:HAR,Harlow District Council,some,3
local-plan,local-authority:HAS,Hastings Borough Council,some,4
local-plan,local-authority:HAT,Hart District Council,authoritative,5
local-plan,local-authority:HAV,London Borough of Havering,some,3
local-plan,local-authority:HCK,London Borough of Hackney,some,4
local-plan,local-authority:HEF,Herefordshire Council,some,3
local-plan,local-authority:HER,Hertsmere Borough Council,some,3
local-plan,local-authority:HIG,High Peak Borough Council,some,3
local-plan,local-authority:HIL,London Borough of Hillingdon,some,3
local-plan,local-authority:HIN,Hinckley and Bosworth Borough Council,some,4
local-plan,local-authority:HMF,London Borough of Hammersmith & Fulham,some,3
local-plan,local-authority:HNS,London Borough of Hounslow,authoritative,4
local-plan,local-authority:HOR,Horsham District Council,authoritative,5
local-plan,local-authority:HPL,Hartlepool Borough Council,some,2
local-plan,local-authority:HRW,London Borough of Harrow,some,3
local-plan,local-authority:HRY,London Borough of Haringey,some,3
local-plan,local-authority:HUN,Huntingdonshire District Council,some,3
local-plan,local-authority:HYN,Hyndburn Borough Council,some,3
local-plan,local-authority:IOS,Council of the Isles of Scilly,authoritative,3
local-plan,local-authority:IOW,Isle of Wight Council,authoritative,5
local-plan,local-authority:IPS,Ipswich Borough Council,authoritative,4
local-plan,local-authority:ISL,London Borough of Islington,some,2
local-plan,local-authority:KEC,Royal Borough of Kensington and Chelsea,some,3
local-plan,local-authority:KHL,Hull City Council,some,2
local-plan,local-authority:KIN,Borough Council of King's Lynn and West Norfolk,some,3
local-plan,local-authority:KIR,Kirklees Council,some,5
local-plan,local-authority:KTT,Royal Borough of Kingston upon Thames,some,4
local-plan,local-authority:KWL,Knowsley Metropolitan Borough Council,some,2
local-plan,local-authority:LAC,Lancaster City Council,authoritative,3
local-plan,local-authority:LBH,London Borough of Lambeth,some,3
local-plan,local-authority:LCE,Leicester City Council,some,3
local-plan,local-authority:LDS,Leeds City Council,some,3
local-plan,local-authority:LEE,Lewes District Council,some,3
local-plan,local-authority:LEW,London Borough of Lewisham,some,3
local-plan,local-authority:LIC,City of Lincoln Council,some,2
local-plan,local-authority:LIF,Lichfield District Council,some,4
local-plan,local-authority:LIN,Lincolnshire County Council,some,1
local-plan,local-authority:LIV,Liverpool City Council,some,2
local-plan,local-authority:LND,City of London Corporation,some,3
local-plan,local-authority:LUT,Luton Borough Council,authoritative,3
local-plan,local-authority:MAI,Maidstone Borough Council,some,3
local-plan,local-authority:MAL,Maldon District Council,some,2
local-plan,local-authority:MAN,Manchester City Council,some,2
local-plan,local-authority:MAS,Mansfield District Council,some,2
local-plan,local-authority:MAV,Malvern Hills District Council,some,1
local-plan,local-authority:MDB,Middlesbrough Borough Council,some,3
local-plan,local-authority:MDE,Mid Devon District Council,authoritative,4
local-plan,local-authority:MDW,Medway Council,some,3
local-plan,local-authority:MEL,Melton Borough Council,some,3
local-plan,local-authority:MIK,Milton Keynes City Council,some,3
local-plan,local-authority:MOL,Mole Valley District Council,some,2
local-plan,local-authority:MRT,London Borough of Merton,some,4
local-plan,local-authority:MSS,Mid Sussex District Council,some,5
local-plan,local-authority:MSU,Mid Suffolk District Council,some,1
local-plan,local-authority:NBL,Northumberland County Council,some,2
local-plan,local-authority:NDE,North Devon District Council,some,1
local-plan,local-authority:NEA,Newark and Sherwood District Council,some,2
local-plan,local-authority:NEC,Newcastle-under-Lyme Borough Council,some,3
local-plan,local-authority:NED,North East Derbyshire District Council,some,3
local-plan,local-authority:NEL,North East Lincolnshire Council,some,3
local-plan,local-authority:NET,Newcastle City Council,some,2
local-plan,local-authority:NEW,New Forest District Council,some,4
local-plan,local-authority:NGM,Nottingham City Council,some,3
local-plan,local-authority:NHE,North Hertfordshire District Council,some,2
local-plan,local-authority:NKE,North Kesteven District Council,some,2
local-plan,local-authority:NLN,North Lincolnshire Council,some,3
local-plan,local-authority:NNO,North Norfolk District Council,some,2
local-plan,local-authority:NNUA,North Northamptonshire Council,some,6
local-plan,local-authority:NOW,Norwich City Council,some,3
local-plan,local-authority:NSM,North Somerset Council,some,3
local-plan,local-authority:NTY,North Tyneside Council,some,2
local-plan,local-authority:NUN,Nuneaton and Bedworth Borough Council,some,2
local-plan,local-authority:NWA,North Warwickshire Borough Council,some,2
local-plan,local-authority:NWL,North West Leicestershire District Council,some,3
local-plan,local-authority:NWM,London Borough of Newham,some,3
local-plan,local-authority:NYUA,North Yorkshire Council,some,10
local-plan,local-authority:OAD,Oadby and Wigston Borough Council,some,4
local-plan,local-authority:OLD,Oldham Metropolitan Borough Council,some,3
local-plan,local-authority:OXO,Oxford City Council,some,4
local-plan,local-authority:PEN,Pendle Borough Council,some,4
local-plan,local-authority:PLY,Plymouth City Council,authoritative,3
local-plan,local-authority:POR,Portsmouth City Council,some,2
local-plan,local-authority:PRE,Preston City Council,some,3
local-plan,local-authority:PTE,Peterborough City Council,some,3
local-plan,local-authority:RCC,Redcar and Cleveland Borough Council,some,2
local-plan,local-authority:RCH,Rochdale Metropolitan Borough Council,some,3
local-plan,local-authority:RDB,London Borough of Redbridge,some,2
local-plan,local-authority:RDG,Reading Borough Council,some,2
local-plan,local-authority:RED,Redditch Borough Council,some,3
local-plan,local-authority:REI,Reigate and Banstead Borough Council,some,2
local-plan,local-authority:RIB,Ribble Valley Borough Council,some,3
local-plan,local-authority:RIC,London Borough of Richmond upon Thames,some,2
local-plan,local-authority:ROC,Rochford District Council,some,3
local-plan,local-authority:ROH,Rother District Council,some,4
local-plan,local-authority:ROS,Rossendale Borough Council,authoritative,3
local-plan,local-authority:ROT,Rotherham Metropolitan Borough Council,some,3
local-plan,local-authority:RUG,Rugby Borough Council,some,3
local-plan,local-authority:RUH,Rushmoor Borough Council,authoritative,4
local-plan,local-authority:RUN,Runnymede Borough Council,some,2
local-plan,local-authority:RUS,Rushcliffe Borough Council,some,2
local-plan,local-authority:RUT,Rutland County Council,some,4
local-plan,local-authority:SAL,St Albans City and District Council,authoritative,3
local-plan,local-authority:SAW,Sandwell Metropolitan Borough Council,some,3
local-plan,local-authority:SBU,South Bucks District Council,some,1
local-plan,local-authority:SCA,South Cambridgeshire District Council,some,4
local-plan,local-authority:SDE,South Derbyshire District Council,some,3
local-plan,local-authority:SEV,Sevenoaks District Council,some,4
local-plan,local-authority:SFT,Sefton Metropolitan Borough Council,authoritative,5
local-plan,local-authority:SGC,South Gloucestershire Council,some,3
local-plan,local-authority:SHA,South Hams District Council,some,1
local-plan,local-authority:SHE,Folkestone and Hythe Council,authoritative,5
local-plan,local-authority:SHF,Sheffield City Council,some,3
local-plan,local-authority:SHN,St Helens Council,some,2
local-plan,local-authority:SHO,South Holland District Council,some,1
local-plan,local-authority:SHR,Shropshire Council,authoritative,4
local-plan,local-authority:SKE,South Kesteven District Council,some,3
local-plan,local-authority:SKP,Stockport Metropolitan Borough Council,some,3
local-plan,local-authority:SLF,Salford City Council,some,4
local-plan,local-authority:SLG,Slough Borough Council,some,3
local-plan,local-authority:SND,Sunderland City Council,some,2
local-plan,local-authority:SNO,South Norfolk District Council,some,2
local-plan,local-authority:SOL,Solihull Metropolitan Borough Council,some,2
local-plan,local-authority:SOS,Southend-on-Sea Borough Council,some,3
local-plan,local-authority:SOX,South Oxfordshire District Council,authoritative,3
local-plan,local-authority:SPE,Spelthorne Borough Council,some,3
local-plan,local-authority:SRI,South Ribble Borough Council,some,3
local-plan,local-authority:SST,South Staffordshire Council,authoritative,5
local-plan,local-authority:STA,Stafford Borough Council,some,4
local-plan,local-authority:STE,Stoke-on-Trent City Council,some,2
local-plan,local-authority:STF,Staffordshire Moorlands District Council,some,2
local-plan,local-authority:STH,Southampton City Council,some,2
local-plan,local-authority:STN,London Borough of Sutton,some,3
local-plan,local-authority:STO,Stroud District Council,some,3
local-plan,local-authority:STR,Stratford-on-Avon District Council,some,3
local-plan,local-authority:STT,Stockton-on-Tees Borough Council,some,2
local-plan,local-authority:STV,Stevenage Borough Council,some,3
local-plan,local-authority:STY,South Tyneside Council,some,3
local-plan,local-authority:SUA,Somerset Council,authoritative,16
local-plan,local-authority:SUR,Surrey Heath Borough Council,some,3
local-plan,local-authority:SWD,Swindon Borough Council,some,3
local-plan,local-authority:SWK,London Borough of Southwark,some,2
local-plan,local-authority:SWL,Swale Borough Council,some,3
local-plan,local-authority:TAM,Tameside Metropolitan Borough Council,some,3
local-plan,local-authority:TAN,Tandridge District Council,some,3
local-plan,local-authority:TAW,Tamworth Borough Council,some,3
local-plan,local-authority:TEI,Teignbridge District Council,some,2
local-plan,local-authority:TEN,Tendring District Council,some,2
local-plan,local-authority:TES,Test Valley Borough Council,some,2
local-plan,local-authority:TEW,Tewkesbury Borough Council,some,2
local-plan,local-authority:TFW,Telford & Wrekin Council,some,3
local-plan,local-authority:THA,Thanet District Council,some,3
local-plan,local-authority:THE,Three Rivers District Council,some,3
local-plan,local-authority:THR,Thurrock Council,some,5
local-plan,local-authority:TOB,Torbay Council,some,2
local-plan,local-authority:TON,Tonbridge and Malling Borough Council,some,3
local-plan,local-authority:TOR,Torridge District Council,some,1
local-plan,local-authority:TRF,Trafford Metropolitan Borough Council,some,4
local-plan,local-authority:TUN,Tunbridge Wells Borough Council,some,3
local-plan,local-authority:TWH,London Borough of Tower Hamlets,some,3
local-plan,local-authority:UTT,Uttlesford District Council,some,2
local-plan,local-authority:VAL,Vale of White Horse District Council,authoritative,3
local-plan,local-authority:WAE,Waverley Borough Council,some,4
local-plan,local-authority:WAT,Watford Borough Council,some,2
local-plan,local-authority:WAW,Warwick District Council,some,2
local-plan,local-authority:WBK,West Berkshire Council,authoritative,4
local-plan,local-authority:WDE,West Devon Borough Council,some,1
local-plan,local-authority:WEA,Wealden District Council,some,4
local-plan,local-authority:WEW,Welwyn Hatfield Borough Council,some,2
local-plan,local-authority:WFT,London Borough of Waltham Forest,some,2
local-plan,local-authority:WFUA,Westmorland and Furness Council,some,5
local-plan,local-authority:WGN,Wigan Metropolitan Borough Council,some,3
local-plan,local-authority:WIL,Wiltshire Council,some,2
local-plan,local-authority:WIN,Winchester City Council,some,4
local-plan,local-authority:WKF,Wakefield Metropolitan District Council,some,3
local-plan,local-authority:WLA,West Lancashire Borough Council,some,3
local-plan,local-authority:WLI,West Lindsey District Council,some,2
local-plan,local-authority:WLL,Walsall Metropolitan Borough Council,some,2
local-plan,local-authority:WLV,City of Wolverhampton Council,some,4
local-plan,local-authority:WND,London Borough of Wandsworth,some,3
local-plan,local-authority:WNM,Royal Borough of Windsor and Maidenhead,some,3
local-plan,local-authority:WNUA,West Northamptonshire Council,some,5
local-plan,local-authority:WOC,Worcester City Council,some,1
local-plan,local-authority:WOI,Woking Borough Council,authoritative,4
local-plan,local-authority:WOK,Wokingham Borough Council,some,3
local-plan,local-authority:WOT,Worthing Borough Council,some,2
local-plan,local-authority:WOX,West Oxfordshire District Council,some,3
local-plan,local-authority:WRL,Wirral Borough Council,some,3
local-plan,local-authority:WRT,Warrington Borough Council,some,3
local-plan,local-authority:WSK,West Suffolk Council,some,2
local-plan,local-authority:WSM,City of Westminster,some,5
local-plan,local-authority:WYC,Wychavon District Council,some,1
local-plan,local-authority:WYE,Wyre Forest District Council,some,2
local-plan,local-authority:WYO,Wycombe District Council,some,1
local-plan,local-authority:WYR,Wyre Borough Council,some,3
local-plan,local-authority:YOR,City of York Council,some,2
local-plan,local-planning-group:BAB-MSU,Babergh and Mid Suffolk Local Planning Group,some,2
local-plan,local-planning-group:BOL-BUR-MAN-OLD-RCH-SLF-TAM-TRF-WGN,Places for Everyone Local Planning Group,some,1
local-plan,local-planning-group:BOT-SHO,South East Lincolnshire Local Planning Group,some,1
local-plan,local-planning-group:BRA-COL-TEN,North Essex Local Planning Group,some,1
local-plan,local-planning-group:BRO-NOW-SNO,Greater Norwich Local Planning Group,some,1
local-plan,local-planning-group:BRT-GED-NGM,Greater Nottingham (2011-2028) Local Planning Group,some,1
local-plan,local-planning-group:CHO-PRE-SRI,Central Lancashire Local Planning Group,some,1
local-plan,local-planning-group:CHT-GLO-TEW,"Cheltenham, Gloucester and Tewkesbury Local Planning Group",some,2
local-plan,local-planning-group:DUD-SAW-WLL-WLV,Black Country Local Planning Group,some,2
local-plan,local-planning-group:GAT-NET,Gateshead and Newcastle Local Planning Group,some,1
local-plan,local-planning-group:LIC-NKE-WLI,Central Lincolnshire Local Planning Group,some,1
local-plan,local-planning-group:MAV-WOC-WYC,South Worcestershire Local Planning Group,some,1
local-plan,local-planning-group:NDE-TOR,North Devon and Torridge Local Planning Group,some,1
local-plan,local-planning-group:NEC-STE,Newcastle-under-Lyme and Stoke-on-Trent Local Planning Group,some,1
local-plan,local-planning-group:PLY-SHA-WDE,Plymouth and South West Devon Local Planning Group,some,1
local-plan,national-park-authority:Q20198711,South Downs National Park Authority,some,3
local-plan,national-park-authority:Q27159704,Lake District National Park Authority,some,2
local-plan,national-park-authority:Q27178932,Yorkshire Dales National Park Authority,some,2
local-plan,national-park-authority:Q4972284,Broads Authority,some,3
local-plan,national-park-authority:Q5225646,Dartmoor National Park Authority,some,2
local-plan,national-park-authority:Q72617158,New Forest National Park Authority,some,3
local-plan,national-park-authority:Q72617669,North York Moors National Park Authority,some,2
local-plan,national-park-authority:Q72617784,Exmoor National Park Authority,some,2
local-plan,national-park-authority:Q72617890,Northumberland National Park Authority,some,2
local-plan,national-park-authority:Q72617988,Peak District National Park Authority,some,3
local-plan-boundary,government-organisation:D1342,"Ministry of Housing, Communities & Local Government",authoritative,364
local-plan-housing,development-corporation:Q20648596,Old Oak and Park Royal Development Corporation,some,1
local-plan-housing,development-corporation:Q6670544,London Legacy Development Corporation,some,1
local-plan-housing,local-authority:ADU,Adur District Council,some,1
local-plan-housing,local-authority:ARU,Arun District Council,some,1
local-plan-housing,local-authority:ASF,Ashford Borough Council,some,1
local-plan-housing,local-authority:AYL,Aylesbury Vale District Council,some,1
local-plan-housing,local-authority:BAE,Bassetlaw District Council,some,1
local-plan-housing,local-authority:BAN,Basingstoke and Deane Borough Council,some,1
local-plan-housing,local-authority:BAS,Bath and North East Somerset Council,some,1
local-plan-housing,local-authority:BBD,Blackburn with Darwen Borough Council,some,1
local-plan-housing,local-authority:BDF,Bedford Borough Council,some,1
local-plan-housing,local-authority:BDG,London Borough of Barking and Dagenham,some,1
local-plan-housing,local-authority:BEN,London Borough of Brent,some,1
local-plan-housing,local-authority:BEX,London Borough of Bexley,some,1
local-plan-housing,local-authority:BIR,Birmingham City Council,some,1
local-plan-housing,local-authority:BLA,Blaby District Council,some,1
local-plan-housing,local-authority:BNE,London Borough of Barnet,some,1
local-plan-housing,local-authority:BNH,Brighton and Hove City Council,some,1
local-plan-housing,local-authority:BNS,Barnsley Metropolitan Borough Council,some,1
local-plan-housing,local-authority:BOS,Bolsover District Council,some,1
local-plan-housing,local-authority:BPC,"Bournemouth, Christchurch and Poole Council",some,2
local-plan-housing,local-authority:BRC,Bracknell Forest Council,some,1
local-plan-housing,local-authority:BRD,City of Bradford Metropolitan District Council,some,1
local-plan-housing,local-authority:BRE,Breckland District Council,some,1
local-plan-housing,local-authority:BRM,Bromsgrove District Council,some,1
local-plan-housing,local-authority:BRW,Brentwood Borough Council,some,1
local-plan-housing,local-authority:BRX,Broxbourne Borough Council,some,1
local-plan-housing,local-authority:BRY,London Borough of Bromley,some,1
local-plan-housing,local-authority:BST,Bristol City Council,some,1
local-plan-housing,local-authority:BUN,Burnley Borough Council,some,1
local-plan-housing,local-authority:CAB,Cambridge City Council,some,1
local-plan-housing,local-authority:CAN,Cannock Chase District Council,some,1
local-plan-housing,local-authority:CAT,Canterbury City Council,some,1
local-plan-housing,local-authority:CBF,Central Bedfordshire Council,some,1
local-plan-housing,local-authority:CHA,Charnwood Borough Council,some,1
local-plan-housing,local-authority:CHE,Cheshire East Council,some,1
local-plan-housing,local-authority:CHI,Chichester District Council,some,1
local-plan-housing,local-authority:CHL,Chelmsford City Council,some,1
local-plan-housing,local-authority:CHN,Chiltern District Council,some,1
local-plan-housing,local-authority:CHR,Cherwell District Council,some,1
local-plan-housing,local-authority:CHS,Chesterfield Borough Council,some,1
local-plan-housing,local-authority:CHW,Cheshire West and Chester Council,some,1
local-plan-housing,local-authority:CLD,Calderdale Metropolitan Borough Council,some,1
local-plan-housing,local-authority:CMD,London Borough of Camden,some,1
local-plan-housing,local-authority:CON,Cornwall Council,some,1
local-plan-housing,local-authority:COT,Cotswold District Council,some,1
local-plan-housing,local-authority:COV,Coventry City Council,some,1
local-plan-housing,local-authority:CRW,Crawley Borough Council,some,1
local-plan-housing,local-authority:CRY,London Borough of Croydon,some,1
local-plan-housing,local-authority:CUA,Cumberland Council,some,3
local-plan-housing,local-authority:DAC,Dacorum Borough Council,some,1
local-plan-housing,local-authority:DAL,Darlington Borough Council,some,1
local-plan-housing,local-authority:DAR,Dartford Borough Council,some,1
local-plan-housing,local-authority:DEB,Derbyshire Dales District Council,some,1
local-plan-housing,local-authority:DER,Derby City Council,some,1
local-plan-housing,local-authority:DNC,Doncaster Metropolitan Borough Council,some,1
local-plan-housing,local-authority:DOV,Dover District Council,some,1
local-plan-housing,local-authority:DST,Dorset Council,some,3
local-plan-housing,local-authority:DUR,Durham County Council,some,1
local-plan-housing,local-authority:EAL,London Borough of Ealing,some,1
local-plan-housing,local-authority:EAS,Eastbourne Borough Council,some,1
local-plan-housing,local-authority:EAT,Eastleigh Borough Council,some,1
local-plan-housing,local-authority:ECA,East Cambridgeshire District Council,some,1
local-plan-housing,local-authority:EDE,East Devon District Council,some,1
local-plan-housing,local-authority:EHA,East Hampshire District Council,some,1
local-plan-housing,local-authority:ELI,East Lindsey District Council,some,1
local-plan-housing,local-authority:ELM,Elmbridge Borough Council,some,1
local-plan-housing,local-authority:ENF,London Borough of Enfield,some,1
local-plan-housing,local-authority:EPP,Epping Forest District Council,some,1
local-plan-housing,local-authority:EPS,Epsom and Ewell Borough Council,some,1
local-plan-housing,local-authority:ERE,Erewash Borough Council,some,1
local-plan-housing,local-authority:ERY,East Riding of Yorkshire Council,some,1
local-plan-housing,local-authority:ESK,East Suffolk Council,some,2
local-plan-housing,local-authority:EST,East Staffordshire Borough Council,some,1
local-plan-housing,local-authority:EXE,Exeter City Council,some,1
local-plan-housing,local-authority:FAR,Fareham Borough Council,some,1
local-plan-housing,local-authority:FEN,Fenland District Council,some,1
local-plan-housing,local-authority:FOE,Forest of Dean District Council,some,1
local-plan-housing,local-authority:FYL,Fylde Borough Council,some,1
local-plan-housing,local-authority:GOS,Gosport Borough Council,some,1
local-plan-housing,local-authority:GRA,Gravesham Borough Council,some,1
local-plan-housing,local-authority:GRE,Royal Borough of Greenwich,some,1
local-plan-housing,local-authority:GRT,Guildford Borough Council,some,1
local-plan-housing,local-authority:GRY,Great Yarmouth Borough Council,some,1
local-plan-housing,local-authority:HAA,Havant Borough Council,some,1
local-plan-housing,local-authority:HAL,Halton Borough Council,some,1
local-plan-housing,local-authority:HAO,Harborough District Council,some,1
local-plan-housing,local-authority:HAR,Harlow District Council,some,1
local-plan-housing,local-authority:HAS,Hastings Borough Council,some,1
local-plan-housing,local-authority:HAT,Hart District Council,some,1
local-plan-housing,local-authority:HAV,London Borough of Havering,some,1
local-plan-housing,local-authority:HCK,London Borough of Hackney,some,1
local-plan-housing,local-authority:HEF,Herefordshire Council,some,1
local-plan-housing,local-authority:HER,Hertsmere Borough Council,some,1
local-plan-housing,local-authority:HIG,High Peak Borough Council,some,1
local-plan-housing,local-authority:HIL,London Borough of Hillingdon,some,1
local-plan-housing,local-authority:HIN,Hinckley and Bosworth Borough Council,some,1
local-plan-housing,local-authority:HMF,London Borough of Hammersmith & Fulham,some,1
local-plan-housing,local-authority:HNS,London Borough of Hounslow,some,1
local-plan-housing,local-authority:HOR,Horsham District Council,some,1
local-plan-housing,local-authority:HPL,Hartlepool Borough Council,some,1
local-plan-housing,local-authority:HRW,London Borough of Harrow,some,1
local-plan-housing,local-authority:HRY,London Borough of Haringey,some,1
local-plan-housing,local-authority:HUN,Huntingdonshire District Council,some,1
local-plan-housing,local-authority:HYN,Hyndburn Borough Council,some,1
local-plan-housing,local-authority:IOS,Council of the Isles of Scilly,some,1
local-plan-housing,local-authority:IOW,Isle of Wight Council,some,1
local-plan-housing,local-authority:IPS,Ipswich Borough Council,some,1
local-plan-housing,local-authority:ISL,London Borough of Islington,some,1
local-plan-housing,local-authority:KEC,Royal Borough of Kensington and Chelsea,some,1
local-plan-housing,local-authority:KHL,Hull City Council,some,1
local-plan-housing,local-authority:KIN,Borough Council of King's Lynn and West Norfolk,some,1
local-plan-housing,local-authority:KIR,Kirklees Council,some,1
local-plan-housing,local-authority:KTT,Royal Borough of Kingston upon Thames,some,1
local-plan-housing,local-authority:KWL,Knowsley Metropolitan Borough Council,some,1
local-plan-housing,local-authority:LAC,Lancaster City Council,some,1
local-plan-housing,local-authority:LBH,London Borough of Lambeth,some,1
local-plan-housing,local-authority:LCE,Leicester City Council,some,1
local-plan-housing,local-authority:LDS,Leeds City Council,some,1
local-plan-housing,local-authority:LEE,Lewes District Council,some,1
local-plan-housing,local-authority:LEW,London Borough of Lewisham,some,1
local-plan-housing,local-authority:LIF,Lichfield District Council,some,1
local-plan-housing,local-authority:LIV,Liverpool City Council,some,1
local-plan-housing,local-authority:LND,City of London Corporation,some,1
local-plan-housing,local-authority:LUT,Luton Borough Council,some,1
local-plan-housing,local-authority:MAI,Maidstone Borough Council,some,1
local-plan-housing,local-authority:MAL,Maldon District Council,some,1
local-plan-housing,local-authority:MAS,Mansfield District Council,some,1
local-plan-housing,local-authority:MDB,Middlesbrough Borough Council,some,1
local-plan-housing,local-authority:MDE,Mid Devon District Council,some,1
local-plan-housing,local-authority:MEL,Melton Borough Council,some,1
local-plan-housing,local-authority:MIK,Milton Keynes City Council,some,1
local-plan-housing,local-authority:MOL,Mole Valley District Council,some,1
local-plan-housing,local-authority:MRT,London Borough of Merton,some,1
local-plan-housing,local-authority:MSS,Mid Sussex District Council,some,1
local-plan-housing,local-authority:NBL,Northumberland County Council,some,1
local-plan-housing,local-authority:NEA,Newark and Sherwood District Council,some,1
local-plan-housing,local-authority:NED,North East Derbyshire District Council,some,1
local-plan-housing,local-authority:NEL,North East Lincolnshire Council,some,1
local-plan-housing,local-authority:NEW,New Forest District Council,some,1
local-plan-housing,local-authority:NHE,North Hertfordshire District Council,some,1
local-plan-housing,local-authority:NLN,North Lincolnshire Council,some,1
local-plan-housing,local-authority:NNO,North Norfolk District Council,some,1
local-plan-housing,local-authority:NNUA,North Northamptonshire Council,some,4
local-plan-housing,local-authority:NSM,North Somerset Council,some,1
local-plan-housing,local-authority:NTY,North Tyneside Council,some,1
local-plan-housing,local-authority:NUN,Nuneaton and Bedworth Borough Council,some,1
local-plan-housing,local-authority:NWA,North Warwickshire Borough Council,some,1
local-plan-housing,local-authority:NWL,North West Leicestershire District Council,some,1
local-plan-housing,local-authority:NWM,London Borough of Newham,some,1
local-plan-housing,local-authority:NYUA,North Yorkshire Council,some,7
local-plan-housing,local-authority:OAD,Oadby and Wigston Borough Council,some,1
local-plan-housing,local-authority:OXO,Oxford City Council,some,1
local-plan-housing,local-authority:PEN,Pendle Borough Council,some,1
local-plan-housing,local-authority:POR,Portsmouth City Council,some,1
local-plan-housing,local-authority:PTE,Peterborough City Council,some,1
local-plan-housing,local-authority:RCC,Redcar and Cleveland Borough Council,some,1
local-plan-housing,local-authority:RDB,London Borough of Redbridge,some,1
local-plan-housing,local-authority:RDG,Reading Borough Council,some,1
local-plan-housing,local-authority:RED,Redditch Borough Council,some,1
local-plan-housing,local-authority:REI,Reigate and Banstead Borough Council,some,1
local-plan-housing,local-authority:RIB,Ribble Valley Borough Council,some,1
local-plan-housing,local-authority:RIC,London Borough of Richmond upon Thames,some,1
local-plan-housing,local-authority:ROC,Rochford District Council,some,1
local-plan-housing,local-authority:ROH,Rother District Council,some,1
local-plan-housing,local-authority:ROS,Rossendale Borough Council,some,1
local-plan-housing,local-authority:ROT,Rotherham Metropolitan Borough Council,some,1
local-plan-housing,local-authority:RUG,Rugby Borough Council,some,1
local-plan-housing,local-authority:RUH,Rushmoor Borough Council,some,1
local-plan-housing,local-authority:RUN,Runnymede Borough Council,some,1
local-plan-housing,local-authority:RUT,Rutland County Council,some,1
local-plan-housing,local-authority:SAW,Sandwell Metropolitan Borough Council,some,1
local-plan-housing,local-authority:SBU,South Bucks District Council,some,1
local-plan-housing,local-authority:SCA,South Cambridgeshire District Council,some,1
local-plan-housing,local-authority:SDE,South Derbyshire District Council,some,1
local-plan-housing,local-authority:SEV,Sevenoaks District Council,some,1
local-plan-housing,local-authority:SFT,Sefton Metropolitan Borough Council,some,1
local-plan-housing,local-authority:SGC,South Gloucestershire Council,some,1
local-plan-housing,local-authority:SHE,Folkestone and Hythe Council,some,1
local-plan-housing,local-authority:SHF,Sheffield City Council,some,1
local-plan-housing,local-authority:SHN,St Helens Council,some,1
local-plan-housing,local-authority:SHR,Shropshire Council,some,1
local-plan-housing,local-authority:SKE,South Kesteven District Council,some,1
local-plan-housing,local-authority:SKP,Stockport Metropolitan Borough Council,some,1
local-plan-housing,local-authority:SLG,Slough Borough Council,some,1
local-plan-housing,local-authority:SND,Sunderland City Council,some,1
local-plan-housing,local-authority:SOL,Solihull Metropolitan Borough Council,some,1
local-plan-housing,local-authority:SOS,Southend-on-Sea Borough Council,some,1
local-plan-housing,local-authority:SOX,South Oxfordshire District Council,some,1
local-plan-housing,local-authority:SPE,Spelthorne Borough Council,some,1
local-plan-housing,local-authority:SST,South Staffordshire Council,some,1
local-plan-housing,local-authority:STA,Stafford Borough Council,some,1
local-plan-housing,local-authority:STF,Staffordshire Moorlands District Council,some,1
local-plan-housing,local-authority:STH,Southampton City Council,some,1
local-plan-housing,local-authority:STN,London Borough of Sutton,some,1
local-plan-housing,local-authority:STO,Stroud District Council,some,1
local-plan-housing,local-authority:STR,Stratford-on-Avon District Council,some,1
local-plan-housing,local-authority:STT,Stockton-on-Tees Borough Council,some,1
local-plan-housing,local-authority:STV,Stevenage Borough Council,some,1
local-plan-housing,local-authority:STY,South Tyneside Council,some,1
local-plan-housing,local-authority:SUA,Somerset Council,some,5
local-plan-housing,local-authority:SUR,Surrey Heath Borough Council,some,1
local-plan-housing,local-authority:SWD,Swindon Borough Council,some,1
local-plan-housing,local-authority:SWK,London Borough of Southwark,some,1
local-plan-housing,local-authority:SWL,Swale Borough Council,some,1
local-plan-housing,local-authority:TAN,Tandridge District Council,some,1
local-plan-housing,local-authority:TAW,Tamworth Borough Council,some,1
local-plan-housing,local-authority:TEI,Teignbridge District Council,some,1
local-plan-housing,local-authority:TES,Test Valley Borough Council,some,1
local-plan-housing,local-authority:TFW,Telford & Wrekin Council,some,1
local-plan-housing,local-authority:THA,Thanet District Council,some,1
local-plan-housing,local-authority:THE,Three Rivers District Council,some,1
local-plan-housing,local-authority:TOB,Torbay Council,some,1
local-plan-housing,local-authority:TON,Tonbridge and Malling Borough Council,some,1
local-plan-housing,local-authority:TUN,Tunbridge Wells Borough Council,some,1
local-plan-housing,local-authority:TWH,London Borough of Tower Hamlets,some,1
local-plan-housing,local-authority:VAL,Vale of White Horse District Council,some,1
local-plan-housing,local-authority:WAE,Waverley Borough Council,some,1
local-plan-housing,local-authority:WAT,Watford Borough Council,some,1
local-plan-housing,local-authority:WAW,Warwick District Council,some,1
local-plan-housing,local-authority:WBK,West Berkshire Council,some,1
local-plan-housing,local-authority:WEA,Wealden District Council,some,1
local-plan-housing,local-authority:WEW,Welwyn Hatfield Borough Council,some,1
local-plan-housing,local-authority:WFT,London Borough of Waltham Forest,some,1
local-plan-housing,local-authority:WFUA,Westmorland and Furness Council,some,3
local-plan-housing,local-authority:WIL,Wiltshire Council,some,1
local-plan-housing,local-authority:WIN,Winchester City Council,some,1
local-plan-housing,local-authority:WKF,Wakefield Metropolitan District Council,some,1
local-plan-housing,local-authority:WLA,West Lancashire Borough Council,some,1
local-plan-housing,local-authority:WLV,City of Wolverhampton Council,some,1
local-plan-housing,local-authority:WND,London Borough of Wandsworth,some,1
local-plan-housing,local-authority:WNM,Royal Borough of Windsor and Maidenhead,some,1
local-plan-housing,local-authority:WNUA,West Northamptonshire Council,some,3
local-plan-housing,local-authority:WOI,Woking Borough Council,some,1
local-plan-housing,local-authority:WOK,Wokingham Borough Council,some,1
local-plan-housing,local-authority:WOT,Worthing Borough Council,some,1
local-plan-housing,local-authority:WOX,West Oxfordshire District Council,some,1
local-plan-housing,local-authority:WRL,Wirral Borough Council,some,1
local-plan-housing,local-authority:WRT,Warrington Borough Council,some,1
local-plan-housing,local-authority:WSK,West Suffolk Council,some,1
local-plan-housing,local-authority:WSM,City of Westminster,some,1
local-plan-housing,local-authority:WYE,Wyre Forest District Council,some,1
local-plan-housing,local-authority:WYO,Wycombe District Council,some,1
local-plan-housing,local-authority:WYR,Wyre Borough Council,some,1
local-plan-housing,local-authority:YOR,City of York Council,some,1
local-plan-housing,local-planning-group:BAB-MSU,Babergh and Mid Suffolk Local Planning Group,some,2
local-plan-housing,local-planning-group:BOL-BUR-MAN-OLD-RCH-SLF-TAM-TRF-WGN,Places for Everyone Local Planning Group,some,9
local-plan-housing,local-planning-group:BOT-SHO,South East Lincolnshire Local Planning Group,some,2
local-plan-housing,local-planning-group:BRA-COL-TEN,North Essex Local Planning Group,some,3
local-plan-housing,local-planning-group:BRO-NOW-SNO,Greater Norwich Local Planning Group,some,1
local-plan-housing,local-planning-group:BRT-GED-NGM,Greater Nottingham (2011-2028) Local Planning Group,some,3
local-plan-housing,local-planning-group:CHO-PRE-SRI,Central Lancashire Local Planning Group,some,3
local-plan-housing,local-planning-group:CHT-GLO-TEW,"Cheltenham, Gloucester and Tewkesbury Local Planning Group",some,3
local-plan-housing,local-planning-group:DUD-SAW-WLL-WLV,Black Country Local Planning Group,some,4
local-plan-housing,local-planning-group:GAT-NET,Gateshead and Newcastle Local Planning Group,some,2
local-plan-housing,local-planning-group:MAV-WOC-WYC,South Worcestershire Local Planning Group,some,3
local-plan-housing,local-planning-group:NEC-STE,Newcastle-under-Lyme and Stoke-on-Trent Local Planning Group,some,2
local-plan-housing,national-park-authority:Q20198711,South Downs National Park Authority,some,1
local-plan-housing,national-park-authority:Q27159704,Lake District National Park Authority,some,1
local-plan-housing,national-park-authority:Q27178932,Yorkshire Dales National Park Authority,some,1
local-plan-housing,national-park-authority:Q4972284,Broads Authority,some,1
local-plan-housing,national-park-authority:Q5225646,Dartmoor National Park Authority,some,1
local-plan-housing,national-park-authority:Q72617158,New Forest National Park Authority,some,1
local-plan-housing,national-park-authority:Q72617669,North York Moors National Park Authority,some,1
local-plan-housing,national-park-authority:Q72617784,Exmoor National Park Authority,some,1
local-plan-housing,national-park-authority:Q72617890,Northumberland National Park Authority,some,1
local-plan-housing,national-park-authority:Q72617988,Peak District National Park Authority,some,1
local-planning-group,local-planning-group:BAB-MSU,Babergh and Mid Suffolk Local Planning Group,some,1
local-planning-group,local-planning-group:BAS-BST-NSM-SGC,West of England Partnership Waste Planning Group,some,1
local-planning-group,local-planning-group:BCP-DOR,"Dorset, Bournemouth, Christchurch and Poole Waste Planning Group",some,1
local-planning-group,local-planning-group:BDF-CBF-LUT,"Bedford, Luton and Central Bedfordshire Mineral and Waste Planning Group",some,1
local-planning-group,local-planning-group:BDG-HAV-NWM-RDB,East London Waste Authority,some,1
local-planning-group,local-planning-group:BEN-EAL-HIL-HNS-HRW-Q20648596-RIC,West London Waste Planning Group,some,1
local-planning-group,local-planning-group:BLA-CHA-HAO-HIN-LCE-MEL-NWL-OAD,Leicester and Leicestershire Waste Planning Group,some,1
local-planning-group,local-planning-group:BNE-CMD-ENF-HCK-HRY-ISL-WFT,North London Waste Authority,some,1
local-planning-group,local-planning-group:BNH-ESX-Q20198711,"East Sussex, South Downs and Brighton & Hove Mineral and Waste Planning Group",some,1
local-planning-group,local-planning-group:BNS-DNC-ROT,"Barnsley, Doncaster and Rotherham Waste Planning Group",some,1
local-planning-group,local-planning-group:BOL-BUR-MAN-OLD-RCH-SKP-SLF-TAM-TRF-WGN,Greater Manchester Mineral and Waste Planning Group,some,1
local-planning-group,local-planning-group:BOL-BUR-MAN-OLD-RCH-SLF-TAM-TRF-WGN,Places for Everyone Local Planning Group,some,1
local-planning-group,local-planning-group:BOT-SHO,South East Lincolnshire Local Planning Group,some,1
local-planning-group,local-planning-group:BRA-COL-TEN,North Essex Local Planning Group,some,1
local-planning-group,local-planning-group:BRC-RDG-WBK-WOK,Central and Eastern Berkshire Mineral and Waste Planning Group,some,1
local-planning-group,local-planning-group:BRO-NOW-SNO,Greater Norwich Local Planning Group,some,1
local-planning-group,local-planning-group:BRT-GED-NGM,Greater Nottingham (2011-2028) Local Planning Group,some,1
local-planning-group,local-planning-group:BRT-NGM-RUS,Greater Nottingham (2023-2041) Local Planning Group,some,1
local-planning-group,local-planning-group:BRX-EHE-NHE-STV-WEW,North East Central Hertfordshire Local Planning Group,some,1
local-planning-group,local-planning-group:CAB-SCA,Greater Cambridgeshire Shared Planning Local Planning Group,some,1
local-planning-group,local-planning-group:CAM-PTE,Cambridgeshire and Peterborough Mineral and Waste Planning Group,some,1
local-planning-group,local-planning-group:CHC-EDO,Christchurch and East Dorset Local Planning Group,some,1
local-planning-group,local-planning-group:CHO-PRE-SRI,Central Lancashire Local Planning Group,some,1
local-planning-group,local-planning-group:CHT-GLO-TEW,"Cheltenham, Gloucester and Tewkesbury Local Planning Group",some,1
local-planning-group,local-planning-group:COR-KET,North Northamptonshire Local Planning Group,some,1
local-planning-group,local-planning-group:CRY-KTT-MRT-STN,South London Waste Planning Group,some,1
local-planning-group,local-planning-group:DAL-HPL-MDB-RCC-STT,Tees Valley Mineral and Waste Planning Group,some,1
local-planning-group,local-planning-group:DAV-SNR,West Northamptonshire Mineral and Waste Planning Group,some,1
local-planning-group,local-planning-group:DBY-DER,Derbyshire and Derby Mineral Planning Group,some,1
local-planning-group,local-planning-group:DUD-SAW-WLL-WLV,Black Country Local Planning Group,some,1
local-planning-group,local-planning-group:ERY-KHL,East Riding of Yorkshire and Kingston upon Hull Mineral Planning Group,some,1
local-planning-group,local-planning-group:ESS-SOS,Essex and Southend-on-Sea Waste Planning Group,some,1
local-planning-group,local-planning-group:GAT-NET,Gateshead and Newcastle Local Planning Group,some,1
local-planning-group,local-planning-group:HAL-KWL-LIV-SFT-SHN-WRL,Merseyside and Halton Waste Planning Group,some,1
local-planning-group,local-planning-group:HAM-NEW-POR-Q20198711-STH,Hampshire Mineral and Waste Planning Group,some,1
local-planning-group,local-planning-group:LIC-NKE-WLI,Central Lincolnshire Local Planning Group,some,1
local-planning-group,local-planning-group:MAV-WOC-WYC,South Worcestershire Local Planning Group,some,1
local-planning-group,local-planning-group:NDE-TOR,North Devon and Torridge Local Planning Group,some,1
local-planning-group,local-planning-group:NEC-STE,Newcastle-under-Lyme and Stoke-on-Trent Local Planning Group,some,1
local-planning-group,local-planning-group:NGM-NTT,Nottinghamshire and Nottingham Waste Planning Group,some,1
local-planning-group,local-planning-group:NYK-Q72617669-YOR,"North Yorkshire, York and North York Moors Mineral and Waste Planning Group",some,1
local-planning-group,local-planning-group:PLY-SHA-WDE,Plymouth and South West Devon Local Planning Group,some,1
local-planning-group,local-planning-group:Q20198711-WSX,West Sussex and South Downs Local Planning Group,some,1
local-planning-group,local-planning-group:SOX-VAL,South Oxfordshire and Vale of White Horse Local Planning Group,some,1
local-planning-group,local-planning-group:STE-STS,Staffordshire and Stoke-on-Trent Waste Planning Group,some,1
local-planning-group,local-planning-group:SWD-WIL,Swindon and Wiltshire Mineral and Waste Planning Group,some,1
local-planning-group,local-planning-group:WDO-WEY,West Dorset and Weymouth & Portland Local Planning Group,some,1
locally-listed-building,local-authority:CAT,Canterbury City Council,authoritative,448
minerals-plan,local-authority:BKM,Buckinghamshire County Council,some,2
minerals-plan,local-authority:CMA,Cumbria County Council,some,3
minerals-plan,local-authority:CON,Cornwall Council,some,1
minerals-plan,local-authority:DEV,Devon County Council,some,1
minerals-plan,local-authority:DOR,Dorset County Council,some,1
minerals-plan,local-authority:DUR,Durham County Council,authoritative,2
minerals-plan,local-authority:ESS,Essex County Council,some,1
minerals-plan,local-authority:GLS,Gloucestershire County Council,some,1
minerals-plan,local-authority:HAM,Hampshire County Council,some,1
minerals-plan,local-authority:HEF,Herefordshire Council,some,1
minerals-plan,local-authority:HRT,Hertfordshire County Council,some,1
minerals-plan,local-authority:IOS,Council of the Isles of Scilly,authoritative,1
minerals-plan,local-authority:KEN,Kent County Council,some,2
minerals-plan,local-authority:LAN,Lancashire County Council,some,1
minerals-plan,local-authority:LDS,Leeds City Council,some,1
minerals-plan,local-authority:LEC,Leicestershire County Council,some,2
minerals-plan,local-authority:LIN,Lincolnshire County Council,some,2
minerals-plan,local-authority:MIK,Milton Keynes City Council,some,1
minerals-plan,local-authority:NFK,Norfolk County Council,some,3
minerals-plan,local-authority:NTH,Northamptonshire County Council,some,3
minerals-plan,local-authority:NTT,Nottinghamshire County Council,some,2
minerals-plan,local-authority:OXF,Oxfordshire County Council,some,1
minerals-plan,local-authority:RDB,London Borough of Redbridge,some,1
minerals-plan,local-authority:RUT,Rutland County Council,some,1
minerals-plan,local-authority:SFK,Suffolk County Council,some,3
minerals-plan,local-authority:SHR,Shropshire Council,authoritative,3
minerals-plan,local-authority:SOM,Somerset County Council,some,1
minerals-plan,local-authority:SRY,Surrey County Council,some,1
minerals-plan,local-authority:STS,Staffordshire County Council,some,1
minerals-plan,local-authority:WAR,Warwickshire County Council,some,1
minerals-plan,local-authority:WBK,West Berkshire Council,some,1
minerals-plan,local-authority:WOR,Worcestershire County Council,some,1
minerals-plan,local-planning-group:BCP-DOR,"Dorset, Bournemouth, Christchurch and Poole Waste Planning Group",some,1
minerals-plan,local-planning-group:BDF-CBF-LUT,"Bedford, Luton and Central Bedfordshire Mineral and Waste Planning Group",some,1
minerals-plan,local-planning-group:BNH-ESX-Q20198711,"East Sussex, South Downs and Brighton & Hove Mineral and Waste Planning Group",some,3
minerals-plan,local-planning-group:BOL-BUR-MAN-OLD-RCH-SKP-SLF-TAM-TRF-WGN,Greater Manchester Mineral and Waste Planning Group,some,1
minerals-plan,local-planning-group:BRC-RDG-WBK-WOK,Central and Eastern Berkshire Mineral and Waste Planning Group,some,1
minerals-plan,local-planning-group:CAM-PTE,Cambridgeshire and Peterborough Mineral and Waste Planning Group,some,3
minerals-plan,local-planning-group:DAL-HPL-MDB-RCC-STT,Tees Valley Mineral and Waste Planning Group,some,2
minerals-plan,local-planning-group:DBY-DER,Derbyshire and Derby Mineral Planning Group,some,1
minerals-plan,local-planning-group:ERY-KHL,East Riding of Yorkshire and Kingston upon Hull Mineral Planning Group,some,1
minerals-plan,local-planning-group:HAM-NEW-POR-Q20198711-STH,Hampshire Mineral and Waste Planning Group,some,1
minerals-plan,local-planning-group:NYK-Q72617669-YOR,"North Yorkshire, York and North York Moors Mineral and Waste Planning Group",some,1
minerals-plan,local-planning-group:Q20198711-WSX,West Sussex and South Downs Local Planning Group,some,2
minerals-plan,local-planning-group:SWD-WIL,Swindon and Wiltshire Mineral and Waste Planning Group,some,3
minerals-plan,national-park-authority:Q27159704,Lake District National Park Authority,some,1
minerals-plan-boundary,government-organisation:D1342,"Ministry of Housing, Communities & Local Government",authoritative,44
national-nature-reserve,government-organisation:PB202,Natural England,authoritative,224
national-park-authority,national-park-authority:Q20198711,South Downs National Park Authority,some,1
national-park-authority,national-park-authority:Q27159704,Lake District National Park Authority,some,1
national-park-authority,national-park-authority:Q27178932,Yorkshire Dales National Park Authority,some,1
national-park-authority,national-park-authority:Q4972284,Broads Authority,some,1
national-park-authority,national-park-authority:Q5225646,Dartmoor National Park Authority,some,1
national-park-authority,national-park-authority:Q72617158,New Forest National Park Authority,some,1
national-park-authority,national-park-authority:Q72617669,North York Moors National Park Authority,some,1
national-park-authority,national-park-authority:Q72617784,Exmoor National Park Authority,some,1
national-park-authority,national-park-authority:Q72617890,Northumberland National Park Authority,some,1
national-park-authority,national-park-authority:Q72617988,Peak District National Park Authority,some,1
nature-improvement-area,government-organisation:PB202,Natural England,authoritative,12
nonprofit,nonprofit:Q180,Wikimedia Foundation,some,1
nutrient-neutrality-catchment,government-organisation:PB202,Natural England,authoritative,39
ownership-status,government-organisation:D1342,"Ministry of Housing, Communities & Local Government",authoritative,4
parish,government-organisation:D303,Office for National Statistics,authoritative,10907
park-and-garden,government-organisation:PB1164,Historic England,authoritative,1723
park-and-garden-grade,government-organisation:PB1164,Historic England,authoritative,3
passenger-transport-executive,passenger-transport-executive:Q25171369,West Midlands Passenger Transport Executive,some,1
passenger-transport-executive,passenger-transport-executive:Q54817549,Greater Manchester Passenger Transport Executive,some,1
passenger-transport-executive,passenger-transport-executive:Q6820591,Merseytravel,some,1
passenger-transport-executive,passenger-transport-executive:Q682520,Transport for London,some,1
passenger-transport-executive,passenger-transport-executive:Q7569004,South Yorkshire Passenger Transport Executive,some,1
passenger-transport-executive,passenger-transport-executive:Q7834921,Transport for Greater Manchester,some,1
passenger-transport-executive,passenger-transport-executive:Q7860508,Tyne and Wear Passenger Transport Executive,some,1
passenger-transport-executive,passenger-transport-executive:Q7985947,Transport for West Midlands,some,1
passenger-transport-executive,passenger-transport-executive:Q7987043,West Yorkshire Passenger Transport Executive,some,1
permitted-development-right,government-organisation:D1342,"Ministry of Housing, Communities & Local Government",authoritative,236
permitted-development-right-part,government-organisation:D1342,"Ministry of Housing, Communities & Local Government",authoritative,21
plan-event,government-organisation:D1342,"Ministry of Housing, Communities & Local Government",authoritative,47
plan-timetable,development-corporation:Q117149370,Middlesbrough Development Corporation,some,23
plan-timetable,development-corporation:Q124604981,Hartlepool Development Corporation,some,23
plan-timetable,development-corporation:Q20648596,Old Oak and Park Royal Development Corporation,some,27
plan-timetable,development-corporation:Q6670544,London Legacy Development Corporation,some,4
plan-timetable,development-corporation:Q72456968,South Tees Development Corporation,some,23
plan-timetable,development-corporation:Q72463795,Ebbsfleet Development Corporation,some,23
plan-timetable,government-organisation:D1342,"Ministry of Housing, Communities & Local Government",authoritative,120
plan-timetable,local-authority:ADU,Adur District Council,some,28
plan-timetable,local-authority:AMB,Amber Valley Borough Council,some,27
plan-timetable,local-authority:ARU,Arun District Council,some,30
plan-timetable,local-authority:ASF,Ashford Borough Council,some,36
plan-timetable,local-authority:ASH,Ashfield District Council,some,38
plan-timetable,local-authority:AYL,Aylesbury Vale District Council,some,4
plan-timetable,local-authority:BAB,Babergh District Council,some,23
plan-timetable,local-authority:BAE,Bassetlaw District Council,some,28
plan-timetable,local-authority:BAI,Basildon Borough Council,some,32
plan-timetable,local-authority:BAN,Basingstoke and Deane Borough Council,some,35
plan-timetable,local-authority:BAS,Bath and North East Somerset Council,some,32
plan-timetable,local-authority:BBD,Blackburn with Darwen Borough Council,some,27
plan-timetable,local-authority:BDF,Bedford Borough Council,some,41
plan-timetable,local-authority:BDG,London Borough of Barking and Dagenham,some,27
plan-timetable,local-authority:BEN,London Borough of Brent,some,27
plan-timetable,local-authority:BEX,London Borough of Bexley,some,28
plan-timetable,local-authority:BIR,Birmingham City Council,some,38
plan-timetable,local-authority:BKM,Buckinghamshire County Council,some,10
plan-timetable,local-authority:BLA,Blaby District Council,some,31
plan-timetable,local-authority:BNE,London Borough of Barnet,some,27
plan-timetable,local-authority:BNH,Brighton and Hove City Council,some,28
plan-timetable,local-authority:BNS,Barnsley Metropolitan Borough Council,some,29
plan-timetable,local-authority:BOL,Bolton Metropolitan Borough Council,some,24
plan-timetable,local-authority:BOS,Bolsover District Council,some,27
plan-timetable,local-authority:BOT,Boston Borough Council,some,24
plan-timetable,local-authority:BPC,"Bournemouth, Christchurch and Poole Council",some,33
plan-timetable,local-authority:BPL,Blackpool Borough Council,some,27
plan-timetable,local-authority:BRA,Braintree District Council,some,28
plan-timetable,local-authority:BRC,Bracknell Forest Council,some,27
plan-timetable,local-authority:BRD,City of Bradford Metropolitan District Council,some,31
plan-timetable,local-authority:BRE,Breckland District Council,some,30
plan-timetable,local-authority:BRM,Bromsgrove District Council,some,27
plan-timetable,local-authority:BRO,Broadland District Council,some,23
plan-timetable,local-authority:BRT,Broxtowe Borough Council,authoritative,16
plan-timetable,local-authority:BRW,Brentwood Borough Council,some,27
plan-timetable,local-authority:BRX,Broxbourne Borough Council,some,27
plan-timetable,local-authority:BRY,London Borough of Bromley,some,31
plan-timetable,local-authority:BST,Bristol City Council,some,30
plan-timetable,local-authority:BUC,Buckinghamshire Council,some,23
plan-timetable,local-authority:BUN,Burnley Borough Council,some,34
plan-timetable,local-authority:BUR,Bury Metropolitan Borough Council,some,25
plan-timetable,local-authority:CAB,Cambridge City Council,some,30
plan-timetable,local-authority:CAN,Cannock Chase District Council,some,40
plan-timetable,local-authority:CAS,Castle Point Borough Council,some,37
plan-timetable,local-authority:CAT,Canterbury City Council,some,33
plan-timetable,local-authority:CBF,Central Bedfordshire Council,authoritative,36
plan-timetable,local-authority:CHA,Charnwood Borough Council,some,29
plan-timetable,local-authority:CHE,Cheshire East Council,authoritative,17
plan-timetable,local-authority:CHI,Chichester District Council,authoritative,32
plan-timetable,local-authority:CHL,Chelmsford City Council,some,27
plan-timetable,local-authority:CHN,Chiltern District Council,some,4
plan-timetable,local-authority:CHO,Chorley Borough Council,some,23
plan-timetable,local-authority:CHR,Cherwell District Council,some,31
plan-timetable,local-authority:CHS,Chesterfield Borough Council,some,27
plan-timetable,local-authority:CHT,Cheltenham Borough Council,some,23
plan-timetable,local-authority:CHW,Cheshire West and Chester Council,authoritative,17
plan-timetable,local-authority:CLD,Calderdale Metropolitan Borough Council,some,29
plan-timetable,local-authority:CMA,Cumbria County Council,some,13
plan-timetable,local-authority:CMD,London Borough of Camden,some,40
plan-timetable,local-authority:COL,Colchester City Council,some,27
plan-timetable,local-authority:CON,Cornwall Council,authoritative,51
plan-timetable,local-authority:COT,Cotswold District Council,some,27
plan-timetable,local-authority:COV,Coventry City Council,some,28
plan-timetable,local-authority:CRW,Crawley Borough Council,some,27
plan-timetable,local-authority:CRY,London Borough of Croydon,some,29
plan-timetable,local-authority:CUA,Cumberland Council,some,35
plan-timetable,local-authority:DAC,Dacorum Borough Council,some,29
plan-timetable,local-authority:DAL,Darlington Borough Council,some,27
plan-timetable,local-authority:DAR,Dartford Borough Council,some,28
plan-timetable,local-authority:DEB,Derbyshire Dales District Council,some,27
plan-timetable,local-authority:DER,Derby City Council,some,27
plan-timetable,local-authority:DEV,Devon County Council,some,10
plan-timetable,local-authority:DNC,Doncaster Metropolitan Borough Council,some,28
plan-timetable,local-authority:DOR,Dorset County Council,some,4
plan-timetable,local-authority:DOV,Dover District Council,some,28
plan-timetable,local-authority:DST,Dorset Council,some,42
plan-timetable,local-authority:DUD,Dudley Metropolitan Borough Council,some,25
plan-timetable,local-authority:DUR,Durham County Council,authoritative,25
plan-timetable,local-authority:EAL,London Borough of Ealing,some,36
plan-timetable,local-authority:EAS,Eastbourne Borough Council,some,27
plan-timetable,local-authority:EAT,Eastleigh Borough Council,authoritative,20
plan-timetable,local-authority:ECA,East Cambridgeshire District Council,some,31
plan-timetable,local-authority:EDE,East Devon District Council,some,31
plan-timetable,local-authority:EHA,East Hampshire District Council,some,34
plan-timetable,local-authority:EHE,East Hertfordshire District Council,authoritative,31
plan-timetable,local-authority:ELI,East Lindsey District Council,some,29
plan-timetable,local-authority:ELM,Elmbridge Borough Council,some,30
plan-timetable,local-authority:ENF,London Borough of Enfield,some,29
plan-timetable,local-authority:EPP,Epping Forest District Council,some,28
plan-timetable,local-authority:EPS,Epsom and Ewell Borough Council,some,29
plan-timetable,local-authority:ERE,Erewash Borough Council,some,29
plan-timetable,local-authority:ERY,East Riding of Yorkshire Council,some,27
plan-timetable,local-authority:ESK,East Suffolk Council,authoritative,16
plan-timetable,local-authority:ESS,Essex County Council,some,4
plan-timetable,local-authority:EST,East Staffordshire Borough Council,some,27
plan-timetable,local-authority:EXE,Exeter City Council,some,31
plan-timetable,local-authority:FAR,Fareham Borough Council,some,32
plan-timetable,local-authority:FEN,Fenland District Council,some,37
plan-timetable,local-authority:FOE,Forest of Dean District Council,some,30
plan-timetable,local-authority:FOR,Forest Heath District Council,some,8
plan-timetable,local-authority:FYL,Fylde Borough Council,some,27
plan-timetable,local-authority:GAT,Gateshead Metropolitan Borough Council,some,23
plan-timetable,local-authority:GED,Gedling Borough Council,some,23
plan-timetable,local-authority:GLO,Gloucester City Council,some,24
plan-timetable,local-authority:GLS,Gloucestershire County Council,some,10
plan-timetable,local-authority:GOS,Gosport Borough Council,some,27
plan-timetable,local-authority:GRA,Gravesham Borough Council,some,27
plan-timetable,local-authority:GRE,Royal Borough of Greenwich,some,27
plan-timetable,local-authority:GRT,Guildford Borough Council,authoritative,19
plan-timetable,local-authority:GRY,Great Yarmouth Borough Council,some,32
plan-timetable,local-authority:HAA,Havant Borough Council,some,27
plan-timetable,local-authority:HAL,Halton Borough Council,some,28
plan-timetable,local-authority:HAM,Hampshire County Council,some,3
plan-timetable,local-authority:HAO,Harborough District Council,some,29
plan-timetable,local-authority:HAR,Harlow District Council,some,27
plan-timetable,local-authority:HAS,Hastings Borough Council,some,29
plan-timetable,local-authority:HAT,Hart District Council,authoritative,24
plan-timetable,local-authority:HAV,London Borough of Havering,some,27
plan-timetable,local-authority:HCK,London Borough of Hackney,some,27
plan-timetable,local-authority:HEF,Herefordshire Council,some,37
plan-timetable,local-authority:HER,Hertsmere Borough Council,some,30
plan-timetable,local-authority:HIG,High Peak Borough Council,some,27
plan-timetable,local-authority:HIL,London Borough of Hillingdon,authoritative,16
plan-timetable,local-authority:HIN,Hinckley and Bosworth Borough Council,some,28
plan-timetable,local-authority:HMF,London Borough of Hammersmith & Fulham,some,27
plan-timetable,local-authority:HNS,London Borough of Hounslow,some,28
plan-timetable,local-authority:HOR,Horsham District Council,authoritative,22
plan-timetable,local-authority:HPL,Hartlepool Borough Council,some,28
plan-timetable,local-authority:HRT,Hertfordshire County Council,some,9
plan-timetable,local-authority:HRW,London Borough of Harrow,some,29
plan-timetable,local-authority:HRY,London Borough of Haringey,some,27
plan-timetable,local-authority:HUN,Huntingdonshire District Council,some,27
plan-timetable,local-authority:HYN,Hyndburn Borough Council,some,29
plan-timetable,local-authority:IOS,Council of the Isles of Scilly,authoritative,21
plan-timetable,local-authority:IOW,Isle of Wight Council,some,29
plan-timetable,local-authority:IPS,Ipswich Borough Council,authoritative,19
plan-timetable,local-authority:ISL,London Borough of Islington,some,33
plan-timetable,local-authority:KEC,Royal Borough of Kensington and Chelsea,some,27
plan-timetable,local-authority:KEN,Kent County Council,some,12
plan-timetable,local-authority:KHL,Hull City Council,some,27
plan-timetable,local-authority:KIN,Borough Council of King's Lynn and West Norfolk,some,27
plan-timetable,local-authority:KIR,Kirklees Council,some,28
plan-timetable,local-authority:KTT,Royal Borough of Kingston upon Thames,some,30
plan-timetable,local-authority:KWL,Knowsley Metropolitan Borough Council,some,27
plan-timetable,local-authority:LAC,Lancaster City Council,authoritative,19
plan-timetable,local-authority:LAN,Lancashire County Council,some,3
plan-timetable,local-authority:LBH,London Borough of Lambeth,some,27
plan-timetable,local-authority:LCE,Leicester City Council,some,29
plan-timetable,local-authority:LDS,Leeds City Council,some,33
plan-timetable,local-authority:LEC,Leicestershire County Council,some,12
plan-timetable,local-authority:LEE,Lewes District Council,some,27
plan-timetable,local-authority:LEW,London Borough of Lewisham,some,34
plan-timetable,local-authority:LIC,City of Lincoln Council,some,23
plan-timetable,local-authority:LIF,Lichfield District Council,some,29
plan-timetable,local-authority:LIN,Lincolnshire County Council,some,11
plan-timetable,local-authority:LIV,Liverpool City Council,some,27
plan-timetable,local-authority:LND,City of London Corporation,some,40
plan-timetable,local-authority:LUT,Luton Borough Council,authoritative,29
plan-timetable,local-authority:MAI,Maidstone Borough Council,some,32
plan-timetable,local-authority:MAL,Maldon District Council,some,27
plan-timetable,local-authority:MAN,Manchester City Council,some,23
plan-timetable,local-authority:MAS,Mansfield District Council,some,27
plan-timetable,local-authority:MAV,Malvern Hills District Council,some,23
plan-timetable,local-authority:MDB,Middlesbrough Borough Council,some,31
plan-timetable,local-authority:MDE,Mid Devon District Council,authoritative,16
plan-timetable,local-authority:MDW,Medway Council,some,23
plan-timetable,local-authority:MEL,Melton Borough Council,some,28
plan-timetable,local-authority:MIK,Milton Keynes City Council,some,36
plan-timetable,local-authority:MOL,Mole Valley District Council,some,27
plan-timetable,local-authority:MRT,London Borough of Merton,some,27
plan-timetable,local-authority:MSS,Mid Sussex District Council,some,29
plan-timetable,local-authority:MSU,Mid Suffolk District Council,some,23
plan-timetable,local-authority:NBL,Northumberland County Council,some,28
plan-timetable,local-authority:NDE,North Devon District Council,some,23
plan-timetable,local-authority:NEA,Newark and Sherwood District Council,some,27
plan-timetable,local-authority:NEC,Newcastle-under-Lyme Borough Council,some,25
plan-timetable,local-authority:NED,North East Derbyshire District Council,some,27
plan-timetable,local-authority:NEL,North East Lincolnshire Council,some,27
plan-timetable,local-authority:NET,Newcastle City Council,some,23
plan-timetable,local-authority:NEW,New Forest District Council,some,27
plan-timetable,local-authority:NFK,Norfolk County Council,some,18
plan-timetable,local-authority:NGM,Nottingham City Council,some,23
plan-timetable,local-authority:NHE,North Hertfordshire District Council,some,27
plan-timetable,local-authority:NKE,North Kesteven District Council,some,23
plan-timetable,local-authority:NLN,North Lincolnshire Council,some,29
plan-timetable,local-authority:NNO,North Norfolk District Council,some,34
plan-timetable,local-authority:NNUA,North Northamptonshire Council,some,30
plan-timetable,local-authority:NOW,Norwich City Council,some,24
plan-timetable,local-authority:NSM,North Somerset Council,some,28
plan-timetable,local-authority:NTH,Northamptonshire County Council,some,18
plan-timetable,local-authority:NTT,Nottinghamshire County Council,some,10
plan-timetable,local-authority:NTY,North Tyneside Council,some,27
plan-timetable,local-authority:NUN,Nuneaton and Bedworth Borough Council,authoritative,18
plan-timetable,local-authority:NWA,North Warwickshire Borough Council,some,27
plan-timetable,local-authority:NWL,North West Leicestershire District Council,some,27
plan-timetable,local-authority:NWM,London Borough of Newham,some,32
plan-timetable,local-authority:NYUA,North Yorkshire Council,some,51
plan-timetable,local-authority:OAD,Oadby and Wigston Borough Council,some,31
plan-timetable,local-authority:OLD,Oldham Metropolitan Borough Council,some,24
plan-timetable,local-authority:OXF,Oxfordshire County Council,some,6
plan-timetable,local-authority:OXO,Oxford City Council,some,29
plan-timetable,local-authority:PEN,Pendle Borough Council,some,29
plan-timetable,local-authority:PLY,Plymouth City Council,some,26
plan-timetable,local-authority:POR,Portsmouth City Council,some,28
plan-timetable,local-authority:PRE,Preston City Council,some,23
plan-timetable,local-authority:PTE,Peterborough City Council,some,27
plan-timetable,local-authority:RCC,Redcar and Cleveland Borough Council,some,27
plan-timetable,local-authority:RCH,Rochdale Metropolitan Borough Council,some,23
plan-timetable,local-authority:RDB,London Borough of Redbridge,some,31
plan-timetable,local-authority:RDG,Reading Borough Council,some,28
plan-timetable,local-authority:RED,Redditch Borough Council,some,27
plan-timetable,local-authority:REI,Reigate and Banstead Borough Council,some,27
plan-timetable,local-authority:RIB,Ribble Valley Borough Council,authoritative,30
plan-timetable,local-authority:RIC,London Borough of Richmond upon Thames,some,29
plan-timetable,local-authority:ROC,Rochford District Council,some,27
plan-timetable,local-authority:ROH,Rother District Council,some,27
plan-timetable,local-authority:ROS,Rossendale Borough Council,authoritative,33
plan-timetable,local-authority:ROT,Rotherham Metropolitan Borough Council,some,27
plan-timetable,local-authority:RUG,Rugby Borough Council,some,27
plan-timetable,local-authority:RUH,Rushmoor Borough Council,authoritative,19
plan-timetable,local-authority:RUN,Runnymede Borough Council,some,27
plan-timetable,local-authority:RUS,Rushcliffe Borough Council,some,27
plan-timetable,local-authority:RUT,Rutland County Council,some,33
plan-timetable,local-authority:SAL,St Albans City and District Council,authoritative,14
plan-timetable,local-authority:SAW,Sandwell Metropolitan Borough Council,some,29
plan-timetable,local-authority:SBU,South Bucks District Council,some,4
plan-timetable,local-authority:SCA,South Cambridgeshire District Council,some,28
plan-timetable,local-authority:SDE,South Derbyshire District Council,some,27
plan-timetable,local-authority:SED,St Edmundsbury Borough Council,some,4
plan-timetable,local-authority:SEV,Sevenoaks District Council,some,29
plan-timetable,local-authority:SFK,Suffolk County Council,some,16
plan-timetable,local-authority:SFT,Sefton Metropolitan Borough Council,authoritative,17
plan-timetable,local-authority:SGC,South Gloucestershire Council,some,28
plan-timetable,local-authority:SHA,South Hams District Council,some,23
plan-timetable,local-authority:SHE,Folkestone and Hythe Council,authoritative,22
plan-timetable,local-authority:SHF,Sheffield City Council,some,29
plan-timetable,local-authority:SHN,St Helens Council,some,27
plan-timetable,local-authority:SHO,South Holland District Council,some,23
plan-timetable,local-authority:SHR,Shropshire Council,authoritative,20
plan-timetable,local-authority:SKE,South Kesteven District Council,some,27
plan-timetable,local-authority:SKP,Stockport Metropolitan Borough Council,some,27
plan-timetable,local-authority:SLF,Salford City Council,some,23
plan-timetable,local-authority:SLG,Slough Borough Council,some,27
plan-timetable,local-authority:SND,Sunderland City Council,some,27
plan-timetable,local-authority:SNO,South Norfolk District Council,some,23
plan-timetable,local-authority:SOL,Solihull Metropolitan Borough Council,some,31
plan-timetable,local-authority:SOM,Somerset County Council,some,8
plan-timetable,local-authority:SOS,Southend-on-Sea Borough Council,some,30
plan-timetable,local-authority:SOX,South Oxfordshire District Council,some,4
plan-timetable,local-authority:SPE,Spelthorne Borough Council,some,29
plan-timetable,local-authority:SRI,South Ribble Borough Council,some,23
plan-timetable,local-authority:SRY,Surrey County Council,some,13
plan-timetable,local-authority:SST,South Staffordshire Council,authoritative,43
plan-timetable,local-authority:STA,Stafford Borough Council,some,27
plan-timetable,local-authority:STE,Stoke-on-Trent City Council,some,26
plan-timetable,local-authority:STF,Staffordshire Moorlands District Council,some,29
plan-timetable,local-authority:STH,Southampton City Council,authoritative,19
plan-timetable,local-authority:STN,London Borough of Sutton,some,27
plan-timetable,local-authority:STO,Stroud District Council,some,29
plan-timetable,local-authority:STR,Stratford-on-Avon District Council,some,27
plan-timetable,local-authority:STS,Staffordshire County Council,some,6
plan-timetable,local-authority:STT,Stockton-on-Tees Borough Council,some,27
plan-timetable,local-authority:STV,Stevenage Borough Council,some,27
plan-timetable,local-authority:STY,South Tyneside Council,authoritative,20
plan-timetable,local-authority:SUA,Somerset Council,authoritative,35
plan-timetable,local-authority:SUF,Suffolk Coastal District Council,some,6
plan-timetable,local-authority:SUR,Surrey Heath Borough Council,authoritative,18
plan-timetable,local-authority:SWD,Swindon Borough Council,some,27
plan-timetable,local-authority:SWK,London Borough of Southwark,some,27
plan-timetable,local-authority:SWL,Swale Borough Council,some,28
plan-timetable,local-authority:TAM,Tameside Metropolitan Borough Council,some,23
plan-timetable,local-authority:TAN,Tandridge District Council,some,32
plan-timetable,local-authority:TAW,Tamworth Borough Council,some,27
plan-timetable,local-authority:TEI,Teignbridge District Council,some,29
plan-timetable,local-authority:TEN,Tendring District Council,some,27
plan-timetable,local-authority:TES,Test Valley Borough Council,some,30
plan-timetable,local-authority:TEW,Tewkesbury Borough Council,some,23
plan-timetable,local-authority:TFW,Telford & Wrekin Council,some,28
plan-timetable,local-authority:THA,Thanet District Council,some,27
plan-timetable,local-authority:THE,Three Rivers District Council,some,30
plan-timetable,local-authority:THR,Thurrock Council,some,39
plan-timetable,local-authority:TOB,Torbay Council,some,27
plan-timetable,local-authority:TON,Tonbridge and Malling Borough Council,some,29
plan-timetable,local-authority:TOR,Torridge District Council,some,23
plan-timetable,local-authority:TRF,Trafford Metropolitan Borough Council,some,23
plan-timetable,local-authority:TUN,Tunbridge Wells Borough Council,authoritative,7
plan-timetable,local-authority:TWH,London Borough of Tower Hamlets,some,31
plan-timetable,local-authority:UTT,Uttlesford District Council,some,25
plan-timetable,local-authority:VAL,Vale of White Horse District Council,some,4
plan-timetable,local-authority:WAE,Waverley Borough Council,authoritative,31
plan-timetable,local-authority:WAR,Warwickshire County Council,some,10
plan-timetable,local-authority:WAT,Watford Borough Council,some,27
plan-timetable,local-authority:WAV,Waveney District Council,some,6
plan-timetable,local-authority:WAW,Warwick District Council,some,27
plan-timetable,local-authority:WBK,West Berkshire Council,authoritative,28
plan-timetable,local-authority:WDE,West Devon Borough Council,some,23
plan-timetable,local-authority:WEA,Wealden District Council,some,27
plan-timetable,local-authority:WEW,Welwyn Hatfield Borough Council,some,27
plan-timetable,local-authority:WFT,London Borough of Waltham Forest,some,27
plan-timetable,local-authority:WFUA,Westmorland and Furness Council,some,35
plan-timetable,local-authority:WGN,Wigan Metropolitan Borough Council,some,23
plan-timetable,local-authority:WIL,Wiltshire Council,some,32
plan-timetable,local-authority:WIN,Winchester City Council,some,29
plan-timetable,local-authority:WKF,Wakefield Metropolitan District Council,some,32
plan-timetable,local-authority:WLA,West Lancashire Borough Council,some,27
plan-timetable,local-authority:WLI,West Lindsey District Council,some,23
plan-timetable,local-authority:WLL,Walsall Metropolitan Borough Council,some,23
plan-timetable,local-authority:WLV,City of Wolverhampton Council,some,29
plan-timetable,local-authority:WND,London Borough of Wandsworth,some,27
plan-timetable,local-authority:WNM,Royal Borough of Windsor and Maidenhead,some,27
plan-timetable,local-authority:WNUA,West Northamptonshire Council,some,30
plan-timetable,local-authority:WOC,Worcester City Council,some,23
plan-timetable,local-authority:WOI,Woking Borough Council,authoritative,20
plan-timetable,local-authority:WOK,Wokingham Borough Council,some,29
plan-timetable,local-authority:WOR,Worcestershire County Council,some,10
plan-timetable,local-authority:WOT,Worthing Borough Council,some,28
plan-timetable,local-authority:WOX,West Oxfordshire District Council,some,27
plan-timetable,local-authority:WRL,Wirral Borough Council,some,27
plan-timetable,local-authority:WRT,Warrington Borough Council,authoritative,27
plan-timetable,local-authority:WSK,West Suffolk Council,some,25
plan-timetable,local-authority:WSM,City of Westminster,some,29
plan-timetable,local-authority:WYC,Wychavon District Council,some,23
plan-timetable,local-authority:WYE,Wyre Forest District Council,some,27
plan-timetable,local-authority:WYO,Wycombe District Council,some,4
plan-timetable,local-authority:WYR,Wyre Borough Council,some,27
plan-timetable,local-authority:YOR,City of York Council,some,28
plan-timetable,local-planning-group:BAB-MSU,Babergh and Mid Suffolk Local Planning Group,some,6
plan-timetable,local-planning-group:BAS-BST-NSM-SGC,West of England Partnership Waste Planning Group,some,4
plan-timetable,local-planning-group:BCP-DOR,"Dorset, Bournemouth, Christchurch and Poole Waste Planning Group",some,12
plan-timetable,local-planning-group:BDF-CBF-LUT,"Bedford, Luton and Central Bedfordshire Mineral and Waste Planning Group",some,4
plan-timetable,local-planning-group:BDG-HAV-NWM-RDB,East London Waste Authority,some,5
plan-timetable,local-planning-group:BEN-EAL-HIL-HNS-HRW-Q20648596-RIC,West London Waste Planning Group,some,4
plan-timetable,local-planning-group:BNE-CMD-ENF-HCK-HRY-ISL-WFT,North London Waste Authority,some,9
plan-timetable,local-planning-group:BNH-ESX-Q20198711,"East Sussex, South Downs and Brighton & Hove Mineral and Waste Planning Group",some,16
plan-timetable,local-planning-group:BNS-DNC-ROT,"Barnsley, Doncaster and Rotherham Waste Planning Group",some,4
plan-timetable,local-planning-group:BOL-BUR-MAN-OLD-RCH-SKP-SLF-TAM-TRF-WGN,Greater Manchester Mineral and Waste Planning Group,some,8
plan-timetable,local-planning-group:BOL-BUR-MAN-OLD-RCH-SLF-TAM-TRF-WGN,Places for Everyone Local Planning Group,some,4
plan-timetable,local-planning-group:BOT-SHO,South East Lincolnshire Local Planning Group,some,4
plan-timetable,local-planning-group:BRC-RDG-WBK-WOK,Central and Eastern Berkshire Mineral and Waste Planning Group,some,6
plan-timetable,local-planning-group:BRO-NOW-SNO,Greater Norwich Local Planning Group,some,4
plan-timetable,local-planning-group:BRT-GED-NGM,Greater Nottingham (2011-2028) Local Planning Group,some,4
plan-timetable,local-planning-group:BRT-NGM-RUS,Greater Nottingham (2023-2041) Local Planning Group,some,4
plan-timetable,local-planning-group:CAM-PTE,Cambridgeshire and Peterborough Mineral and Waste Planning Group,some,14
plan-timetable,local-planning-group:CHO-PRE-SRI,Central Lancashire Local Planning Group,some,5
plan-timetable,local-planning-group:CHT-GLO-TEW,"Cheltenham, Gloucester and Tewkesbury Local Planning Group",some,5
plan-timetable,local-planning-group:CRY-KTT-MRT-STN,South London Waste Planning Group,some,10
plan-timetable,local-planning-group:DAL-HPL-MDB-RCC-STT,Tees Valley Mineral and Waste Planning Group,some,8
plan-timetable,local-planning-group:DBY-DER,Derbyshire and Derby Mineral Planning Group,some,3
plan-timetable,local-planning-group:DUD-SAW-WLL-WLV,Black Country Local Planning Group,some,5
plan-timetable,local-planning-group:ERY-KHL,East Riding of Yorkshire and Kingston upon Hull Mineral Planning Group,some,6
plan-timetable,local-planning-group:ESS-SOS,Essex and Southend-on-Sea Waste Planning Group,some,6
plan-timetable,local-planning-group:GAT-NET,Gateshead and Newcastle Local Planning Group,some,5
plan-timetable,local-planning-group:HAL-KWL-LIV-SFT-SHN-WRL,Merseyside and Halton Waste Planning Group,some,4
plan-timetable,local-planning-group:HAM-NEW-POR-Q20198711-STH,Hampshire Mineral and Waste Planning Group,some,3
plan-timetable,local-planning-group:LIC-NKE-WLI,Central Lincolnshire Local Planning Group,some,4
plan-timetable,local-planning-group:MAV-WOC-WYC,South Worcestershire Local Planning Group,some,10
plan-timetable,local-planning-group:NDE-TOR,North Devon and Torridge Local Planning Group,some,4
plan-timetable,local-planning-group:NEC-STE,Newcastle-under-Lyme and Stoke-on-Trent Local Planning Group,some,4
plan-timetable,local-planning-group:NGM-NTT,Nottinghamshire and Nottingham Waste Planning Group,some,10
plan-timetable,local-planning-group:NYK-Q72617669-YOR,"North Yorkshire, York and North York Moors Mineral and Waste Planning Group",some,6
plan-timetable,local-planning-group:PLY-SHA-WDE,Plymouth and South West Devon Local Planning Group,some,4
plan-timetable,local-planning-group:Q20198711-WSX,West Sussex and South Downs Local Planning Group,some,16
plan-timetable,local-planning-group:SOX-VAL,South Oxfordshire and Vale of White Horse Local Planning Group,some,6
plan-timetable,local-planning-group:STE-STS,Staffordshire and Stoke-on-Trent Waste Planning Group,some,4
plan-timetable,local-planning-group:SWD-WIL,Swindon and Wiltshire Mineral and Waste Planning Group,some,20
plan-timetable,national-park-authority:Q20198711,South Downs National Park Authority,some,27
plan-timetable,national-park-authority:Q27159704,Lake District National Park Authority,some,31
plan-timetable,national-park-authority:Q27178932,Yorkshire Dales National Park Authority,some,28
plan-timetable,national-park-authority:Q4972284,Broads Authority,some,32
plan-timetable,national-park-authority:Q5225646,Dartmoor National Park Authority,some,27
plan-timetable,national-park-authority:Q72617158,New Forest National Park Authority,some,27
plan-timetable,national-park-authority:Q72617669,North York Moors National Park Authority,authoritative,19
plan-timetable,national-park-authority:Q72617784,Exmoor National Park Authority,some,28
plan-timetable,national-park-authority:Q72617890,Northumberland National Park Authority,some,27
plan-timetable,national-park-authority:Q72617988,Peak District National Park Authority,some,23
planning-application-condition,local-authority:DNC,Doncaster Metropolitan Borough Council,authoritative,5305
planning-condition,local-authority:DNC,Doncaster Metropolitan Borough Council,authoritative,5605
planning-permission-type,government-organisation:D1342,"Ministry of Housing, Communities & Local Government",some,7
protected-wreck-site,government-organisation:PB1164,Historic England,authoritative,58
public-authority,public-authority:Q5533909,GeoPlace,some,1
ramsar,government-organisation:PB202,Natural England,authoritative,73
region,government-organisation:D303,Office for National Statistics,authoritative,9
regional-park-authority,regional-park-authority:Q6515400,Lee Valley Regional Park Authority,some,1
scheduled-monument,government-organisation:PB1164,Historic England,authoritative,20149
site-of-special-scientific-interest,government-organisation:PB202,Natural England,authoritative,4128
special-area-of-conservation,government-organisation:PB202,Natural England,authoritative,260
special-protection-area,government-organisation:PB202,Natural England,authoritative,88
supplementary-plan,local-authority:IOS,Council of the Isles of Scilly,authoritative,4
tree,local-authority:ADU,Adur District Council,authoritative,1121
tree,local-authority:ASF,Ashford Borough Council,authoritative,1224
tree,local-authority:BAI,Basildon Borough Council,authoritative,549
tree,local-authority:BEN,London Borough of Brent,authoritative,1231
tree,local-authority:BNE,London Borough of Barnet,authoritative,6198
tree,local-authority:BST,Bristol City Council,authoritative,4970
tree,local-authority:BUC,Buckinghamshire Council,authoritative,7591
tree,local-authority:CAS,Castle Point Borough Council,authoritative,1714
tree,local-authority:CLD,Calderdale Metropolitan Borough Council,authoritative,7197
tree,local-authority:COL,Colchester City Council,authoritative,2543
tree,local-authority:COT,Cotswold District Council,authoritative,2862
tree,local-authority:COV,Coventry City Council,authoritative,2232
tree,local-authority:DAR,Dartford Borough Council,authoritative,1223
tree,local-authority:DNC,Doncaster Metropolitan Borough Council,authoritative,2857
tree,local-authority:DOV,Dover District Council,authoritative,1365
tree,local-authority:ECA,East Cambridgeshire District Council,authoritative,2562
tree,local-authority:EHA,East Hampshire District Council,authoritative,2672
tree,local-authority:EPS,Epsom and Ewell Borough Council,authoritative,4345
tree,local-authority:ERY,East Riding of Yorkshire Council,authoritative,6953
tree,local-authority:GAT,Gateshead Metropolitan Borough Council,authoritative,2154
tree,local-authority:GLO,Gloucester City Council,authoritative,1358
tree,local-authority:HAA,Havant Borough Council,authoritative,3119
tree,local-authority:HAL,Halton Borough Council,authoritative,449
tree,local-authority:HAR,Harlow District Council,authoritative,1467
tree,local-authority:HOR,Horsham District Council,authoritative,7996
tree,local-authority:HUN,Huntingdonshire District Council,authoritative,3796
tree,local-authority:KEC,Royal Borough of Kensington and Chelsea,authoritative,4560
tree,local-authority:KIN,Borough Council of King's Lynn and West Norfolk,authoritative,2476
tree,local-authority:LBH,London Borough of Lambeth,authoritative,2551
tree,local-authority:LCE,Leicester City Council,authoritative,5005
tree,local-authority:LDS,Leeds City Council,authoritative,6615
tree,local-authority:LIV,Liverpool City Council,authoritative,1571
tree,local-authority:MAI,Maidstone Borough Council,authoritative,10126
tree,local-authority:MIK,Milton Keynes City Council,authoritative,2044
tree,local-authority:NBL,Northumberland County Council,authoritative,3614
tree,local-authority:NET,Newcastle City Council,authoritative,7336
tree,local-authority:NEW,New Forest District Council,authoritative,6702
tree,local-authority:NLN,North Lincolnshire Council,authoritative,6989
tree,local-authority:NNO,North Norfolk District Council,authoritative,1535
tree,local-authority:NSM,North Somerset Council,authoritative,4133
tree,local-authority:OXO,Oxford City Council,authoritative,1350
tree,local-authority:PLY,Plymouth City Council,authoritative,1252
tree,local-authority:PTE,Peterborough City Council,authoritative,2379
tree,local-authority:ROH,Rother District Council,authoritative,1922
tree,local-authority:ROS,Rossendale Borough Council,authoritative,1729
tree,local-authority:SAL,St Albans City and District Council,authoritative,3478
tree,local-authority:SAW,Sandwell Metropolitan Borough Council,authoritative,659
tree,local-authority:SCA,South Cambridgeshire District Council,authoritative,2493
tree,local-authority:SFT,Sefton Metropolitan Borough Council,authoritative,4794
tree,local-authority:SGC,South Gloucestershire Council,authoritative,6086
tree,local-authority:SKP,Stockport Metropolitan Borough Council,authoritative,8192
tree,local-authority:SLF,Salford City Council,authoritative,1296
tree,local-authority:SPE,Spelthorne Borough Council,authoritative,300
tree,local-authority:SST,South Staffordshire Council,authoritative,10628
tree,local-authority:STE,Stoke-on-Trent City Council,authoritative,1502
tree,local-authority:SWK,London Borough of Southwark,authoritative,3035
tree,local-authority:SWL,Swale Borough Council,authoritative,1596
tree,local-authority:TAN,Tandridge District Council,authoritative,1678
tree,local-authority:TEW,Tewkesbury Borough Council,authoritative,2032
tree,local-authority:THA,Thanet District Council,authoritative,1895
tree,local-authority:TOB,Torbay Council,authoritative,2080
tree,local-authority:TWH,London Borough of Tower Hamlets,authoritative,1778
tree,local-authority:UTT,Uttlesford District Council,authoritative,5271
tree,local-authority:WBK,West Berkshire Council,authoritative,6572
tree,local-authority:WFT,London Borough of Waltham Forest,authoritative,2043
tree,local-authority:WOT,Worthing Borough Council,authoritative,4082
tree,local-authority:WRL,Wirral Borough Council,authoritative,4439
tree,local-authority:WSM,City of Westminster,authoritative,4286
tree,national-park-authority:Q27159704,Lake District National Park Authority,authoritative,2093
tree,national-park-authority:Q72617158,New Forest National Park Authority,authoritative,2574
tree-preservation-order,local-authority:ADU,Adur District Council,authoritative,189
tree-preservation-order,local-authority:ASF,Ashford Borough Council,authoritative,1224
tree-preservation-order,local-authority:BEN,London Borough of Brent,authoritative,1229
tree-preservation-order,local-authority:BNE,London Borough of Barnet,authoritative,716
tree-preservation-order,local-authority:BRO,Broadland District Council,authoritative,4930
tree-preservation-order,local-authority:BST,Bristol City Council,authoritative,4970
tree-preservation-order,local-authority:CAB,Cambridge City Council,authoritative,988
tree-preservation-order,local-authority:CAS,Castle Point Borough Council,authoritative,420
tree-preservation-order,local-authority:CAT,Canterbury City Council,authoritative,304
tree-preservation-order,local-authority:CBF,Central Bedfordshire Council,authoritative,757
tree-preservation-order,local-authority:CLD,Calderdale Metropolitan Borough Council,authoritative,550
tree-preservation-order,local-authority:COT,Cotswold District Council,authoritative,571
tree-preservation-order,local-authority:COV,Coventry City Council,authoritative,433
tree-preservation-order,local-authority:DAR,Dartford Borough Council,authoritative,343
tree-preservation-order,local-authority:DOV,Dover District Council,authoritative,434
tree-preservation-order,local-authority:ECA,East Cambridgeshire District Council,authoritative,542
tree-preservation-order,local-authority:EHA,East Hampshire District Council,authoritative,4002
tree-preservation-order,local-authority:EPS,Epsom and Ewell Borough Council,authoritative,415
tree-preservation-order,local-authority:GAT,Gateshead Metropolitan Borough Council,authoritative,209
tree-preservation-order,local-authority:GRY,Great Yarmouth Borough Council,authoritative,1096
tree-preservation-order,local-authority:HAA,Havant Borough Council,authoritative,3719
tree-preservation-order,local-authority:HAL,Halton Borough Council,authoritative,114
tree-preservation-order,local-authority:HAR,Harlow District Council,authoritative,218
tree-preservation-order,local-authority:HIL,London Borough of Hillingdon,authoritative,731
tree-preservation-order,local-authority:HOR,Horsham District Council,authoritative,1306
tree-preservation-order,local-authority:HUN,Huntingdonshire District Council,authoritative,959
tree-preservation-order,local-authority:IOS,Council of the Isles of Scilly,authoritative,1
tree-preservation-order,local-authority:KEC,Royal Borough of Kensington and Chelsea,authoritative,4560
tree-preservation-order,local-authority:LBH,London Borough of Lambeth,authoritative,339
tree-preservation-order,local-authority:LCE,Leicester City Council,authoritative,510
tree-preservation-order,local-authority:LDS,Leeds City Council,authoritative,2448
tree-preservation-order,local-authority:LIV,Liverpool City Council,authoritative,1571
tree-preservation-order,local-authority:MAI,Maidstone Borough Council,authoritative,13915
tree-preservation-order,local-authority:MDW,Medway Council,authoritative,553
tree-preservation-order,local-authority:MIK,Milton Keynes City Council,authoritative,77
tree-preservation-order,local-authority:NBL,Northumberland County Council,authoritative,458
tree-preservation-order,local-authority:NET,Newcastle City Council,authoritative,188
tree-preservation-order,local-authority:NEW,New Forest District Council,authoritative,1933
tree-preservation-order,local-authority:NLN,North Lincolnshire Council,authoritative,7365
tree-preservation-order,local-authority:NNO,North Norfolk District Council,authoritative,603
tree-preservation-order,local-authority:NSM,North Somerset Council,authoritative,5720
tree-preservation-order,local-authority:OXO,Oxford City Council,authoritative,1515
tree-preservation-order,local-authority:PLY,Plymouth City Council,authoritative,332
tree-preservation-order,local-authority:PTE,Peterborough City Council,authoritative,452
tree-preservation-order,local-authority:ROH,Rother District Council,authoritative,427
tree-preservation-order,local-authority:ROS,Rossendale Borough Council,authoritative,182
tree-preservation-order,local-authority:SAL,St Albans City and District Council,authoritative,670
tree-preservation-order,local-authority:SAW,Sandwell Metropolitan Borough Council,authoritative,108
tree-preservation-order,local-authority:SCA,South Cambridgeshire District Council,authoritative,704
tree-preservation-order,local-authority:SFT,Sefton Metropolitan Borough Council,authoritative,275
tree-preservation-order,local-authority:SGC,South Gloucestershire Council,authoritative,1009
tree-preservation-order,local-authority:SKP,Stockport Metropolitan Borough Council,authoritative,874
tree-preservation-order,local-authority:SLF,Salford City Council,authoritative,523
tree-preservation-order,local-authority:SNO,South Norfolk District Council,authoritative,2283
tree-preservation-order,local-authority:SPE,Spelthorne Borough Council,authoritative,283
tree-preservation-order,local-authority:SST,South Staffordshire Council,authoritative,331
tree-preservation-order,local-authority:STE,Stoke-on-Trent City Council,authoritative,136
tree-preservation-order,local-authority:SWL,Swale Borough Council,authoritative,1986
tree-preservation-order,local-authority:TAN,Tandridge District Council,authoritative,792
tree-preservation-order,local-authority:THA,Thanet District Council,authoritative,774
tree-preservation-order,local-authority:TOB,Torbay Council,authoritative,718
tree-preservation-order,local-authority:TWH,London Borough of Tower Hamlets,authoritative,72
tree-preservation-order,local-authority:WFT,London Borough of Waltham Forest,authoritative,230
tree-preservation-order,local-authority:WOT,Worthing Borough Council,authoritative,1034
tree-preservation-order,local-authority:WRL,Wirral Borough Council,authoritative,727
tree-preservation-order,local-authority:WSM,City of Westminster,authoritative,685
tree-preservation-order,national-park-authority:Q27159704,Lake District National Park Authority,authoritative,407
tree-preservation-order,national-park-authority:Q72617158,New Forest National Park Authority,authoritative,742
tree-preservation-zone,local-authority:ADU,Adur District Council,authoritative,94
tree-preservation-zone,local-authority:ASF,Ashford Borough Council,authoritative,319
tree-preservation-zone,local-authority:BEN,London Borough of Brent,authoritative,301
tree-preservation-zone,local-authority:BIR,Birmingham City Council,authoritative,1435
tree-preservation-zone,local-authority:BNE,London Borough of Barnet,authoritative,3218
tree-preservation-zone,local-authority:BRO,Broadland District Council,authoritative,4930
tree-preservation-zone,local-authority:BST,Bristol City Council,authoritative,369
tree-preservation-zone,local-authority:BUC,Buckinghamshire Council,authoritative,8418
tree-preservation-zone,local-authority:CAS,Castle Point Borough Council,authoritative,194
tree-preservation-zone,local-authority:CAT,Canterbury City Council,authoritative,1573
tree-preservation-zone,local-authority:CLD,Calderdale Metropolitan Borough Council,authoritative,1641
tree-preservation-zone,local-authority:COT,Cotswold District Council,authoritative,650
tree-preservation-zone,local-authority:COV,Coventry City Council,authoritative,508
tree-preservation-zone,local-authority:DAR,Dartford Borough Council,authoritative,267
tree-preservation-zone,local-authority:DNC,Doncaster Metropolitan Borough Council,authoritative,1330
tree-preservation-zone,local-authority:DOV,Dover District Council,authoritative,556
tree-preservation-zone,local-authority:ECA,East Cambridgeshire District Council,authoritative,565
tree-preservation-zone,local-authority:EHA,East Hampshire District Council,authoritative,1325
tree-preservation-zone,local-authority:EPS,Epsom and Ewell Borough Council,authoritative,942
tree-preservation-zone,local-authority:ERY,East Riding of Yorkshire Council,authoritative,1328
tree-preservation-zone,local-authority:GAT,Gateshead Metropolitan Borough Council,authoritative,682
tree-preservation-zone,local-authority:GLO,Gloucester City Council,authoritative,165
tree-preservation-zone,local-authority:GRY,Great Yarmouth Borough Council,authoritative,319
tree-preservation-zone,local-authority:HAA,Havant Borough Council,authoritative,600
tree-preservation-zone,local-authority:HAL,Halton Borough Council,authoritative,268
tree-preservation-zone,local-authority:HAR,Harlow District Council,authoritative,127
tree-preservation-zone,local-authority:HOR,Horsham District Council,authoritative,661
tree-preservation-zone,local-authority:HUN,Huntingdonshire District Council,authoritative,821
tree-preservation-zone,local-authority:KEC,Royal Borough of Kensington and Chelsea,authoritative,41
tree-preservation-zone,local-authority:KIN,Borough Council of King's Lynn and West Norfolk,authoritative,626
tree-preservation-zone,local-authority:LBH,London Borough of Lambeth,authoritative,226
tree-preservation-zone,local-authority:LCE,Leicester City Council,authoritative,146
tree-preservation-zone,local-authority:LDS,Leeds City Council,authoritative,3710
tree-preservation-zone,local-authority:LIV,Liverpool City Council,authoritative,713
tree-preservation-zone,local-authority:MAI,Maidstone Borough Council,authoritative,3789
tree-preservation-zone,local-authority:MDW,Medway Council,authoritative,554
tree-preservation-zone,local-authority:MIK,Milton Keynes City Council,authoritative,322
tree-preservation-zone,local-authority:NBL,Northumberland County Council,authoritative,632
tree-preservation-zone,local-authority:NET,Newcastle City Council,authoritative,757
tree-preservation-zone,local-authority:NEW,New Forest District Council,authoritative,1610
tree-preservation-zone,local-authority:NLN,North Lincolnshire Council,authoritative,381
tree-preservation-zone,local-authority:NNO,North Norfolk District Council,authoritative,550
tree-preservation-zone,local-authority:NSM,North Somerset Council,authoritative,1484
tree-preservation-zone,local-authority:OXO,Oxford City Council,authoritative,283
tree-preservation-zone,local-authority:PLY,Plymouth City Council,authoritative,487
tree-preservation-zone,local-authority:PTE,Peterborough City Council,authoritative,417
tree-preservation-zone,local-authority:ROH,Rother District Council,authoritative,413
tree-preservation-zone,local-authority:ROS,Rossendale Borough Council,authoritative,497
tree-preservation-zone,local-authority:SAL,St Albans City and District Council,authoritative,544
tree-preservation-zone,local-authority:SAW,Sandwell Metropolitan Borough Council,authoritative,52
tree-preservation-zone,local-authority:SCA,South Cambridgeshire District Council,authoritative,2316
tree-preservation-zone,local-authority:SFT,Sefton Metropolitan Borough Council,authoritative,478
tree-preservation-zone,local-authority:SGC,South Gloucestershire Council,authoritative,1085
tree-preservation-zone,local-authority:SKP,Stockport Metropolitan Borough Council,authoritative,1360
tree-preservation-zone,local-authority:SLF,Salford City Council,authoritative,1671
tree-preservation-zone,local-authority:SNO,South Norfolk District Council,authoritative,2283
tree-preservation-zone,local-authority:SPE,Spelthorne Borough Council,authoritative,2656
tree-preservation-zone,local-authority:SST,South Staffordshire Council,authoritative,2623
tree-preservation-zone,local-authority:STE,Stoke-on-Trent City Council,authoritative,103
tree-preservation-zone,local-authority:SWK,London Borough of Southwark,authoritative,724
tree-preservation-zone,local-authority:SWL,Swale Borough Council,authoritative,390
tree-preservation-zone,local-authority:TAN,Tandridge District Council,authoritative,885
tree-preservation-zone,local-authority:TEW,Tewkesbury Borough Council,authoritative,556
tree-preservation-zone,local-authority:THA,Thanet District Council,authoritative,677
tree-preservation-zone,local-authority:TOB,Torbay Council,authoritative,836
tree-preservation-zone,local-authority:TWH,London Borough of Tower Hamlets,authoritative,1
tree-preservation-zone,local-authority:UTT,Uttlesford District Council,authoritative,5278
tree-preservation-zone,local-authority:WBK,West Berkshire Council,authoritative,1115
tree-preservation-zone,local-authority:WFT,London Borough of Waltham Forest,authoritative,218
tree-preservation-zone,local-authority:WOT,Worthing Borough Council,authoritative,1287
tree-preservation-zone,local-authority:WRL,Wirral Borough Council,authoritative,2499
tree-preservation-zone,local-authority:WSM,City of Westminster,authoritative,263
tree-preservation-zone,national-park-authority:Q27159704,Lake District National Park Authority,authoritative,900
tree-preservation-zone,national-park-authority:Q72617158,New Forest National Park Authority,authoritative,976
tree-preservation-zone-type,government-organisation:D1342,"Ministry of Housing, Communities & Local Government",authoritative,3
ward,government-organisation:D303,Office for National Statistics,authoritative,6817
waste-authority,waste-authority:Q20711950,East London Waste Authority,some,1
waste-authority,waste-authority:Q20713477,North London Waste Authority,some,1
waste-authority,waste-authority:Q21921612,West London Waste Authority,some,1
waste-authority,waste-authority:Q21935501,Western Riverside Waste Authority,some,1
waste-authority,waste-authority:Q5600652,Greater Manchester Waste Disposal Authority,some,1
waste-plan,local-authority:BKM,Buckinghamshire County Council,some,2
waste-plan,local-authority:BRD,City of Bradford Metropolitan District Council,some,1
waste-plan,local-authority:CMA,Cumbria County Council,some,3
waste-plan,local-authority:DEV,Devon County Council,some,1
waste-plan,local-authority:DUR,Durham County Council,authoritative,2
waste-plan,local-authority:GLS,Gloucestershire County Council,some,1
waste-plan,local-authority:HAM,Hampshire County Council,some,1
waste-plan,local-authority:HEF,Herefordshire Council,some,1
waste-plan,local-authority:HRT,Hertfordshire County Council,some,2
waste-plan,local-authority:IOS,Council of the Isles of Scilly,authoritative,1
waste-plan,local-authority:KEN,Kent County Council,some,2
waste-plan,local-authority:LAN,Lancashire County Council,some,1
waste-plan,local-authority:LDS,Leeds City Council,some,1
waste-plan,local-authority:LEC,Leicestershire County Council,some,2
waste-plan,local-authority:LIN,Lincolnshire County Council,some,2
waste-plan,local-authority:MIK,Milton Keynes City Council,some,1
waste-plan,local-authority:NFK,Norfolk County Council,some,3
waste-plan,local-authority:NTH,Northamptonshire County Council,some,3
waste-plan,local-authority:OXF,Oxfordshire County Council,some,1
waste-plan,local-authority:PLY,Plymouth City Council,some,1
waste-plan,local-authority:SFK,Suffolk County Council,some,2
waste-plan,local-authority:SHR,Shropshire Council,authoritative,3
waste-plan,local-authority:SOM,Somerset County Council,some,1
waste-plan,local-authority:SRY,Surrey County Council,some,2
waste-plan,local-authority:WAR,Warwickshire County Council,some,1
waste-plan,local-authority:WBK,West Berkshire Council,some,1
waste-plan,local-authority:WKF,Wakefield Metropolitan District Council,some,1
waste-plan,local-authority:WOR,Worcestershire County Council,some,1
waste-plan,local-planning-group:BAS-BST-NSM-SGC,West of England Partnership Waste Planning Group,some,1
waste-plan,local-planning-group:BCP-DOR,"Dorset, Bournemouth, Christchurch and Poole Waste Planning Group",some,1
waste-plan,local-planning-group:BDF-CBF-LUT,"Bedford, Luton and Central Bedfordshire Mineral and Waste Planning Group",some,1
waste-plan,local-planning-group:BDG-HAV-NWM-RDB,East London Waste Authority,some,2
waste-plan,local-planning-group:BEN-EAL-HIL-HNS-HRW-Q20648596-RIC,West London Waste Planning Group,some,1
waste-plan,local-planning-group:BNE-CMD-ENF-HCK-HRY-ISL-WFT,North London Waste Authority,some,2
waste-plan,local-planning-group:BNH-ESX-Q20198711,"East Sussex, South Downs and Brighton & Hove Mineral and Waste Planning Group",some,3
waste-plan,local-planning-group:BNS-DNC-ROT,"Barnsley, Doncaster and Rotherham Waste Planning Group",some,1
waste-plan,local-planning-group:BOL-BUR-MAN-OLD-RCH-SKP-SLF-TAM-TRF-WGN,Greater Manchester Mineral and Waste Planning Group,some,1
waste-plan,local-planning-group:BRC-RDG-WBK-WOK,Central and Eastern Berkshire Mineral and Waste Planning Group,some,1
waste-plan,local-planning-group:CAM-PTE,Cambridgeshire and Peterborough Mineral and Waste Planning Group,some,3
waste-plan,local-planning-group:CRY-KTT-MRT-STN,South London Waste Planning Group,some,2
waste-plan,local-planning-group:DAL-HPL-MDB-RCC-STT,Tees Valley Mineral and Waste Planning Group,some,2
waste-plan,local-planning-group:ESS-SOS,Essex and Southend-on-Sea Waste Planning Group,some,1
waste-plan,local-planning-group:HAL-KWL-LIV-SFT-SHN-WRL,Merseyside and Halton Waste Planning Group,some,1
waste-plan,local-planning-group:HAM-NEW-POR-Q20198711-STH,Hampshire Mineral and Waste Planning Group,some,1
waste-plan,local-planning-group:NGM-NTT,Nottinghamshire and Nottingham Waste Planning Group,some,2
waste-plan,local-planning-group:NYK-Q72617669-YOR,"North Yorkshire, York and North York Moors Mineral and Waste Planning Group",some,1
waste-plan,local-planning-group:Q20198711-WSX,West Sussex and South Downs Local Planning Group,some,1
waste-plan,local-planning-group:STE-STS,Staffordshire and Stoke-on-Trent Waste Planning Group,some,1
waste-plan,local-planning-group:SWD-WIL,Swindon and Wiltshire Mineral and Waste Planning Group,some,3
waste-plan-boundary,government-organisation:D1342,"Ministry of Housing, Communities & Local Government",authoritative,48
world-heritage-site,government-organisation:D1342,"Ministry of Housing, Communities & Local Government",authoritative,20
world-heritage-site,government-organisation:PB1164,Historic England,authoritative,20
world-heritage-site-buffer-zone,government-organisation:PB1164,Historic England,authoritative,9
